"","B14.5new.bam","B15.5new.bam","B17.5new.bam","B20new.bam","B34new.bam","C14.5new.bam","C15.5new.bam","C17.5new.bam","C20new.bam","C34new.bam"
"MSTRG.1",0,0,0,1,0,0,0,0,1,0
"MSTRG.2",12,10,28,15,15,11,13,18,18,6
"MSTRG.3",0,0,0,0,0,0,0,0,0,0
"MSTRG.4",0,0,0,0,0,0,0,0,0,0
"MSTRG.5",0,0,0,0,0,0,0,0,0,0
"MSTRG.6",0,0,0,0,0,0,0,0,0,0
"MSTRG.7",0,0,0,0,0,0,0,0,0,0
"MSTRG.8",2,3,23,13,39,0,4,3,5,6
"MSTRG.9",21,13,43,26,25,23,24,37,20,19
"MSTRG.10",14,20,25,23,17,13,15,7,16,5
"MSTRG.11",13,17,11,14,9,13,12,9,14,17
"MSTRG.12",9,10,10,6,1,7,11,6,1,10
"MSTRG.13",241,237,209,194,169,215,198,213,219,197
"MSTRG.14",392,316,265,310,263,285,355,400,296,289
"MSTRG.15",477,410,512,573,509,497,524,316,729,444
"MSTRG.16",6,4,12,6,15,2,9,4,3,2
"MSTRG.17",2,4,9,10,3,5,9,13,8,3
"MSTRG.18",11,25,14,33,38,8,12,68,55,12
"MSTRG.19",2842,2312,2249,1970,1458,2427,1941,1389,1746,1797
"MSTRG.20",108,116,101,100,73,91,104,40,67,134
"MSTRG.21",0,0,0,0,0,0,0,0,0,0
"MSTRG.22",0,0,0,0,1,2,0,0,0,1
"MSTRG.23",0,0,0,0,0,0,0,0,0,0
"MSTRG.24",486,435,430,265,181,290,306,187,288,126
"MSTRG.25",2,3,2,2,1,2,0,0,2,1
"MSTRG.26",35,35,23,25,21,26,10,17,10,23
"MSTRG.27",381,423,519,436,609,299,370,457,380,270
"MSTRG.28",9,7,11,8,3,13,9,13,5,1
"MSTRG.29",1,0,0,0,0,0,0,2,0,0
"MSTRG.30",0,0,0,0,0,0,0,0,0,0
"MSTRG.31",8,3,8,5,2,16,7,3,4,2
"MSTRG.32",14,26,10,22,9,3,23,14,7,17
"MSTRG.33",2102,2005,1751,1743,998,2609,1883,1025,1426,1255
"MSTRG.34",1,3,1,1,1,1,0,0,0,0
"MSTRG.35",209,199,283,243,165,197,172,248,199,79
"MSTRG.36",0,0,6,5,5,9,2,5,6,22
"MSTRG.37",1308,1414,1523,1725,1774,1382,1483,1084,1434,2258
"MSTRG.38",0,0,0,0,0,0,0,0,0,0
"MSTRG.39",166,173,205,192,206,160,211,171,212,244
"MSTRG.40",448,478,426,491,753,437,469,676,630,794
"MSTRG.41",18,12,16,27,45,15,22,17,35,66
"MSTRG.42",55,93,91,88,132,69,86,74,138,94
"MSTRG.43",2,6,11,17,35,1,1,21,19,8
"MSTRG.44",13,15,14,11,23,6,16,8,23,32
"MSTRG.45",3,7,5,7,7,5,3,10,5,8
"MSTRG.46",482,612,574,483,143,441,430,522,365,240
"MSTRG.47",0,0,0,0,0,0,0,0,0,0
"MSTRG.48",1161,1102,955,1068,1235,1042,1092,1373,1266,2020
"MSTRG.49",1458,2712,2503,2936,3942,1753,2805,4600,3288,4218
"MSTRG.50",7,14,10,15,24,19,22,9,9,21
"MSTRG.51",72,112,102,93,56,112,118,67,94,104
"MSTRG.52",36,42,29,37,30,124,56,23,40,48
"MSTRG.53",0,0,0,0,0,1,0,2,0,27
"MSTRG.54",165,214,178,176,146,136,237,268,179,267
"MSTRG.55",638,1084,1332,1929,2913,1037,1628,2767,2827,4318
"MSTRG.56",324,330,339,290,379,380,351,482,339,627
"MSTRG.57",348,310,225,224,269,168,259,255,292,256
"MSTRG.58",13,13,23,19,13,24,18,27,16,49
"MSTRG.59",3,2,3,1,0,1,5,3,0,2
"MSTRG.60",1131,1117,1117,1079,907,952,1009,1085,974,988
"MSTRG.61",598,685,727,645,563,634,743,781,664,725
"MSTRG.62",67,45,73,90,120,65,104,116,141,341
"MSTRG.63",6,2,2,8,13,4,4,4,9,46
"MSTRG.64",2025,1829,1706,1655,1846,1946,1805,2302,1789,1478
"MSTRG.65",0,1,0,2,0,0,0,0,0,0
"MSTRG.66",266,216,190,174,111,183,210,240,223,181
"MSTRG.67",1,5,4,4,6,0,2,7,8,7
"MSTRG.68",103,104,119,113,104,80,124,109,156,108
"MSTRG.69",0,0,0,0,0,0,0,0,0,0
"MSTRG.70",0,0,2,1,1,2,0,2,2,0
"MSTRG.71",649,1070,1283,1431,1605,1410,1815,2524,2594,1925
"MSTRG.72",12,20,24,18,30,21,33,23,23,31
"MSTRG.73",5,1,10,8,16,7,8,4,13,9
"MSTRG.74",1407,1671,1779,2042,2205,1525,1817,2482,2420,3128
"MSTRG.75",2394,2279,2365,2058,1797,2231,1937,1620,1996,1902
"MSTRG.76",35,19,23,17,13,18,22,12,14,26
"MSTRG.77",3,0,3,1,4,3,5,2,1,22
"MSTRG.78",15,22,35,31,171,18,54,37,78,518
"MSTRG.79",1,0,0,0,8,3,2,0,2,17
"MSTRG.80",368,391,549,646,744,330,473,605,855,1335
"MSTRG.81",973,1230,1120,1191,773,739,1138,1648,1254,354
"MSTRG.82",267,252,241,213,159,198,251,327,225,194
"MSTRG.83",71,80,73,115,39,67,51,90,84,51
"MSTRG.84",3,5,5,4,4,9,4,3,2,1
"MSTRG.85",0,2,0,0,0,0,0,0,0,0
"MSTRG.86",4166,4704,5573,7129,17020,4644,4205,4366,4741,8204
"MSTRG.87",2197,2148,1665,1299,762,1835,1742,1315,1188,980
"MSTRG.88",1880,1663,1531,1243,583,1936,1437,1041,1089,1130
"MSTRG.89",0,0,0,0,0,0,0,0,0,0
"MSTRG.90",274,242,222,210,128,347,227,137,167,194
"MSTRG.91",0,0,0,0,0,0,0,0,0,0
"MSTRG.92",15,10,8,12,5,16,7,9,5,8
"MSTRG.93",6,8,10,5,1,11,4,3,2,3
"MSTRG.94",201,171,182,171,152,195,196,225,182,207
"MSTRG.95",240,176,242,233,157,247,231,202,232,181
"MSTRG.96",10,7,20,15,9,14,14,8,7,9
"MSTRG.97",9,10,16,27,43,12,12,19,30,4
"MSTRG.98",281,360,421,455,706,458,483,578,617,1288
"MSTRG.99",6,7,11,24,16,30,33,24,47,13
"MSTRG.100",254,298,289,269,371,247,267,272,301,312
"MSTRG.101",659,671,750,727,967,683,766,723,839,622
"MSTRG.102",0,0,0,0,0,1,1,0,1,0
"MSTRG.103",1049,882,711,712,720,1039,943,1023,966,637
"MSTRG.104",5,8,7,7,6,6,12,6,12,4
"MSTRG.105",201,259,333,361,319,265,281,380,274,452
"MSTRG.106",612,557,575,601,398,624,555,804,559,391
"MSTRG.107",106,138,272,328,407,172,248,332,353,211
"MSTRG.108",30,33,77,101,45,48,65,67,91,21
"MSTRG.109",0,0,0,1,2,2,0,0,1,0
"MSTRG.110",245,266,335,374,287,166,245,424,464,210
"MSTRG.111",3,1,1,3,0,3,2,4,1,4
"MSTRG.112",719,687,665,680,1238,760,769,1078,1045,1004
"MSTRG.113",70,64,76,88,601,73,72,46,44,44
"MSTRG.114",242,259,470,271,116,249,507,175,258,42
"MSTRG.115",69,168,371,590,2821,106,302,1067,1193,1405
"MSTRG.116",4,7,6,12,10,5,13,13,19,8
"MSTRG.117",202,178,150,146,146,119,160,149,213,246
"MSTRG.118",3495,4229,4319,4424,4285,2721,4133,6351,4445,1584
"MSTRG.119",1004,1249,1336,1571,2552,1426,1504,2148,1919,2868
"MSTRG.120",14,12,22,24,9,13,16,23,24,14
"MSTRG.121",1168,1491,1931,2126,1630,1638,1961,2447,2685,663
"MSTRG.122",0,0,0,1,0,0,0,0,0,0
"MSTRG.123",0,2,0,0,0,0,0,0,0,0
"MSTRG.124",5478,4699,4215,3920,3220,5368,4201,4451,3561,3414
"MSTRG.125",2,0,1,1,3,4,4,0,3,6
"MSTRG.126",185,201,245,315,417,154,254,350,321,188
"MSTRG.127",3,1,4,1,3,5,5,2,2,0
"MSTRG.128",1,3,14,13,36,5,10,19,21,29
"MSTRG.129",934,1016,798,850,415,592,774,1017,768,367
"MSTRG.130",449,352,211,214,241,394,297,324,227,269
"MSTRG.131",1200,1154,1119,948,663,1438,1036,1278,951,892
"MSTRG.132",6,6,7,15,11,7,6,10,16,9
"MSTRG.133",3,3,2,1,5,2,2,3,1,3
"MSTRG.134",0,0,0,0,0,0,0,0,0,0
"MSTRG.135",1566,1839,1763,1696,1139,1210,1573,2623,1603,934
"MSTRG.136",386,434,410,399,479,294,478,527,461,388
"MSTRG.137",0,0,0,0,0,0,0,0,0,0
"MSTRG.138",694,527,410,487,323,412,439,560,511,331
"MSTRG.139",2,2,4,2,3,1,3,3,1,2
"MSTRG.140",255,315,291,411,548,236,339,504,411,477
"MSTRG.141",685,732,562,608,318,566,742,806,721,466
"MSTRG.142",35,26,16,16,14,35,28,36,18,16
"MSTRG.143",228,242,238,232,138,208,315,253,285,172
"MSTRG.144",460,460,379,346,253,406,411,449,348,627
"MSTRG.145",2,3,2,1,0,2,1,5,3,1
"MSTRG.146",14873,13876,14639,14564,12819,11412,13606,16902,12467,6662
"MSTRG.147",684,929,1009,928,991,935,1114,1553,1234,1398
"MSTRG.148",30,29,38,29,29,33,36,19,48,39
"MSTRG.149",44,50,45,52,33,53,57,22,48,42
"MSTRG.150",30,24,31,31,28,50,25,31,32,87
"MSTRG.151",3,3,1,1,1,3,2,2,4,2
"MSTRG.152",0,0,0,1,0,0,0,0,0,0
"MSTRG.153",34,58,42,71,64,36,47,45,69,33
"MSTRG.154",272,247,205,145,173,169,175,218,182,236
"MSTRG.155",822,763,676,758,668,787,748,886,775,720
"MSTRG.156",447,558,548,447,337,339,455,541,441,352
"MSTRG.157",2040,2363,2107,2087,1352,1563,2595,2277,2666,998
"MSTRG.158",0,0,0,0,0,0,0,0,0,0
"MSTRG.159",293,274,319,232,266,199,318,232,260,305
"MSTRG.160",1,0,0,0,0,0,0,0,1,1
"MSTRG.161",439,503,491,515,436,477,445,752,642,230
"MSTRG.162",0,2,6,2,0,3,1,2,1,0
"MSTRG.163",1307,1529,1213,1123,563,794,1271,1325,1047,303
"MSTRG.164",772,667,755,539,448,475,679,519,892,1995
"MSTRG.165",921,1016,1083,1078,1070,939,1144,1578,1246,1122
"MSTRG.166",12,6,7,6,2,11,5,16,3,9
"MSTRG.167",90,81,67,71,35,142,75,86,55,31
"MSTRG.168",5485,5002,4865,11943,12379,7463,4254,4126,7154,10056
"MSTRG.169",0,0,0,0,0,0,0,0,0,0
"MSTRG.170",104,119,148,221,381,162,171,78,293,3134
"MSTRG.171",1,1,0,2,0,0,2,0,3,1
"MSTRG.172",217,221,134,127,157,134,184,126,171,357
"MSTRG.173",22,29,30,32,70,23,26,18,32,39
"MSTRG.174",161,142,99,99,45,162,112,170,105,45
"MSTRG.175",1617,1555,1447,941,828,1695,1397,1340,1137,1210
"MSTRG.176",26,14,20,27,45,17,17,26,38,44
"MSTRG.177",58,184,207,125,169,126,300,537,271,397
"MSTRG.178",655,475,323,204,130,277,327,239,229,135
"MSTRG.179",48,80,122,117,268,93,146,249,181,276
"MSTRG.180",1,1,3,6,5,3,3,3,3,16
"MSTRG.181",0,0,0,0,0,0,1,0,0,0
"MSTRG.182",53,45,58,30,33,49,44,45,31,49
"MSTRG.183",21,29,27,17,10,41,24,22,7,26
"MSTRG.184",634,761,812,770,777,552,840,883,880,654
"MSTRG.185",696,540,465,459,603,537,503,568,461,550
"MSTRG.186",1,1,0,1,1,0,1,0,0,0
"MSTRG.187",2927,2709,1905,1760,1235,1798,2400,2605,2010,1126
"MSTRG.188",123,153,91,136,193,77,121,157,148,105
"MSTRG.189",1392,1589,1600,1614,1130,1377,1803,2217,1742,1109
"MSTRG.190",5,1,3,5,1,1,0,3,2,1
"MSTRG.191",225,130,46,33,4,68,51,12,38,2
"MSTRG.192",17,17,6,3,1,5,5,0,4,0
"MSTRG.193",72,55,44,35,7,22,24,23,30,6
"MSTRG.194",153,160,137,145,149,98,138,211,155,87
"MSTRG.195",293,326,326,363,353,361,364,543,445,423
"MSTRG.196",432,400,370,404,365,423,545,751,562,554
"MSTRG.197",23,6,22,18,8,20,12,32,27,15
"MSTRG.198",1,0,2,1,3,0,1,0,0,1
"MSTRG.199",0,0,0,0,0,0,0,0,0,0
"MSTRG.200",26,25,23,39,38,23,27,32,38,15
"MSTRG.201",2,1,1,4,0,1,0,1,3,1
"MSTRG.202",1134,1594,1869,2146,2709,1149,1747,3033,2685,2206
"MSTRG.203",628,741,842,740,838,652,974,951,1074,845
"MSTRG.204",0,0,0,0,0,0,2,0,0,0
"MSTRG.205",0,0,0,0,0,0,0,0,0,1
"MSTRG.206",1098,1254,1355,1092,515,1202,1377,1599,1295,903
"MSTRG.207",12,22,11,11,3,22,17,12,12,13
"MSTRG.208",204,232,210,183,108,217,269,263,302,822
"MSTRG.209",1315,1382,1290,1064,925,1077,1244,1313,1146,698
"MSTRG.210",719,909,985,931,1012,881,1196,1345,1404,1961
"MSTRG.211",6,11,2,11,11,5,6,6,7,14
"MSTRG.212",4414,4237,3821,3550,2436,3591,3458,3098,3098,2452
"MSTRG.213",32,33,80,54,315,38,91,63,145,955
"MSTRG.214",7,19,16,12,16,7,16,6,9,9
"MSTRG.215",152,291,683,1256,824,215,561,2036,1999,555
"MSTRG.216",2,1,1,5,1,2,1,1,0,2
"MSTRG.217",2652,4133,5251,7504,7342,3967,5901,9845,9171,3995
"MSTRG.218",11,14,16,26,6,19,19,10,22,6
"MSTRG.219",334,332,418,487,327,592,475,424,676,1176
"MSTRG.220",36,48,39,24,7,34,21,26,24,34
"MSTRG.221",2,8,17,22,9,6,5,15,11,1
"MSTRG.222",1,0,0,0,0,0,0,0,0,2
"MSTRG.223",1797,1207,1356,1313,586,1335,751,1116,816,451
"MSTRG.224",738,679,451,574,305,589,400,319,484,171
"MSTRG.225",18,22,13,12,9,17,27,23,15,23
"MSTRG.226",77,144,203,251,417,102,151,323,352,318
"MSTRG.227",11,23,17,28,48,10,15,23,49,22
"MSTRG.228",599,720,664,768,1472,626,784,1436,1221,1923
"MSTRG.229",366,346,285,232,183,241,302,369,242,175
"MSTRG.230",497,498,407,398,580,412,420,395,393,737
"MSTRG.231",13,22,45,61,343,22,38,87,119,117
"MSTRG.232",418,546,546,622,879,400,613,847,721,835
"MSTRG.233",254,265,230,236,206,222,268,367,268,267
"MSTRG.234",472,497,570,469,325,522,537,496,630,666
"MSTRG.235",4,2,2,1,0,4,4,1,3,4
"MSTRG.236",2598,2495,1446,1442,276,1515,1734,1946,1271,181
"MSTRG.237",355,398,448,533,895,385,447,899,651,889
"MSTRG.238",452,555,659,608,659,366,639,887,734,688
"MSTRG.239",67,66,39,54,31,64,81,95,76,155
"MSTRG.240",124,119,94,101,89,86,126,143,147,135
"MSTRG.241",73,64,84,48,68,55,82,46,73,48
"MSTRG.242",7,19,16,11,15,15,18,18,11,13
"MSTRG.243",3847,2987,2993,2359,2860,2943,2432,2687,2365,2663
"MSTRG.244",27,32,32,42,41,17,31,54,33,109
"MSTRG.245",68,58,71,56,61,31,53,84,41,57
"MSTRG.246",2533,2709,2518,2412,5023,1797,3076,4310,3477,4132
"MSTRG.247",1022,1093,912,925,650,1021,1049,1004,1141,659
"MSTRG.248",2843,2213,1205,603,197,1360,1272,856,637,73
"MSTRG.249",1148,1263,1436,1379,1625,1041,1419,1343,1487,923
"MSTRG.250",1,3,1,2,0,2,1,2,4,2
"MSTRG.251",675,663,593,478,368,460,616,627,475,221
"MSTRG.252",31,24,30,29,15,30,24,15,28,17
"MSTRG.253",70,54,50,75,46,89,67,40,57,34
"MSTRG.254",36,34,30,38,30,46,34,13,37,16
"MSTRG.255",7,8,5,3,4,3,5,5,7,0
"MSTRG.256",801,916,988,794,643,698,985,1446,1032,532
"MSTRG.257",707,736,614,781,566,754,773,852,925,620
"MSTRG.258",2,1,0,2,0,3,1,0,3,1
"MSTRG.259",5273,4964,3808,4020,834,3698,3190,2018,2009,349
"MSTRG.260",6523,6865,7574,8825,17480,8443,8133,10243,11479,11052
"MSTRG.261",16,9,4,7,12,7,14,11,6,15
"MSTRG.262",822,640,655,693,580,654,592,317,702,985
"MSTRG.263",57,44,44,48,131,31,43,21,94,665
"MSTRG.264",22,13,8,19,6,19,20,11,17,6
"MSTRG.265",43,41,52,37,70,39,43,48,43,88
"MSTRG.266",44,44,15,25,52,32,38,43,43,127
"MSTRG.267",5,3,1,1,0,5,3,2,0,0
"MSTRG.268",1,2,3,2,2,1,1,0,6,2
"MSTRG.269",0,0,0,0,0,0,0,0,0,0
"MSTRG.270",75,38,68,46,19,100,58,29,57,34
"MSTRG.271",2,0,0,0,0,0,0,1,0,0
"MSTRG.272",0,0,0,0,0,0,0,1,0,0
"MSTRG.273",64,53,67,42,26,95,60,38,48,44
"MSTRG.274",1,0,0,0,0,0,0,0,0,0
"MSTRG.275",24,17,6,18,19,12,21,18,27,20
"MSTRG.276",15,3,3,1,1,7,1,0,0,0
"MSTRG.277",48,36,34,44,27,44,25,21,26,19
"MSTRG.278",20,10,4,4,6,29,1,4,2,6
"MSTRG.279",5,6,1,4,6,11,4,0,3,0
"MSTRG.280",10,6,5,9,2,14,8,9,3,6
"MSTRG.281",5,3,3,4,0,7,5,2,0,0
"MSTRG.282",139,78,76,87,37,263,108,66,57,21
"MSTRG.283",2,9,8,11,5,18,38,3,14,13
"MSTRG.284",71,48,46,23,39,41,42,43,29,46
"MSTRG.285",132,237,571,503,587,151,423,302,610,421
"MSTRG.286",141,223,378,364,72,202,483,2,378,36
"MSTRG.287",9,3,12,24,26,6,7,4,7,2
"MSTRG.288",77,148,391,741,2466,9,31,14,33,35
"MSTRG.289",0,0,0,0,0,0,0,0,0,0
"MSTRG.290",1373,1453,1620,1482,1766,1209,1411,1689,1683,1372
"MSTRG.291",798,586,419,435,154,636,436,341,389,328
"MSTRG.292",486,412,328,355,236,370,380,506,380,312
"MSTRG.293",21,10,9,8,1,15,16,6,4,0
"MSTRG.294",1329,1264,1274,1204,886,1280,1253,1206,1149,1313
"MSTRG.295",4287,4213,3771,2835,1903,3724,3569,2871,2550,2428
"MSTRG.296",350,379,277,300,219,318,368,299,351,197
"MSTRG.297",0,0,0,0,0,0,0,0,0,0
"MSTRG.298",609,464,387,441,511,492,446,557,455,610
"MSTRG.299",65,71,55,60,35,55,72,66,76,36
"MSTRG.300",1080,928,859,759,476,909,751,580,708,661
"MSTRG.301",5319,5148,5362,5582,4583,6524,4809,4995,5263,5201
"MSTRG.302",1184,1579,1905,2410,2570,1491,2321,4370,3118,1313
"MSTRG.303",1552,1411,1626,1394,1052,1246,1136,1526,1039,835
"MSTRG.304",154,139,118,122,155,186,145,176,135,174
"MSTRG.305",4087,3508,3044,2806,2189,3494,3426,2806,3098,2642
"MSTRG.306",12,14,9,11,1,8,5,9,7,5
"MSTRG.307",0,0,0,0,0,0,0,0,0,0
"MSTRG.308",894,935,904,925,1340,859,985,1586,1119,1302
"MSTRG.309",19,23,24,32,34,21,26,26,33,109
"MSTRG.310",3160,2948,2510,1960,1020,2491,2183,1888,1745,1368
"MSTRG.311",9,3,2,9,9,2,7,5,5,6
"MSTRG.312",503,452,356,341,254,436,357,393,303,281
"MSTRG.313",6915,5931,4869,4500,2070,6119,5398,6332,4143,2285
"MSTRG.314",576,465,644,470,295,558,642,113,370,465
"MSTRG.315",0,0,0,0,0,0,0,0,0,0
"MSTRG.316",535,505,668,854,2341,407,444,923,1251,3122
"MSTRG.317",1,0,0,1,5,0,0,0,2,13
"MSTRG.318",2144,1772,1302,1271,533,1507,1473,1964,1086,465
"MSTRG.319",0,0,0,0,0,0,0,0,0,0
"MSTRG.320",1321,800,579,434,221,627,445,330,483,288
"MSTRG.321",4,3,0,2,1,7,5,0,2,5
"MSTRG.322",34,28,31,32,19,48,26,25,35,31
"MSTRG.323",35,25,19,30,12,37,46,32,37,38
"MSTRG.324",16,18,22,18,36,19,18,16,22,65
"MSTRG.325",3,0,0,0,0,0,0,1,0,5
"MSTRG.326",149,131,186,198,95,144,129,94,154,81
"MSTRG.327",0,0,0,1,0,0,0,0,0,0
"MSTRG.328",77,35,32,34,26,47,28,22,20,25
"MSTRG.329",1260,880,667,413,272,683,485,435,463,236
"MSTRG.330",0,0,0,1,0,0,0,0,0,0
"MSTRG.331",10,4,2,3,2,10,6,3,9,3
"MSTRG.332",3,5,9,1,2,3,0,4,3,2
"MSTRG.333",1,1,0,2,0,3,1,3,0,0
"MSTRG.334",0,0,0,0,0,0,0,0,0,0
"MSTRG.335",0,1,0,0,0,0,0,1,0,1
"MSTRG.336",1,0,0,0,0,1,0,1,0,1
"MSTRG.337",3927,4741,4508,5537,9522,3488,4559,5537,4468,11036
"MSTRG.338",0,0,11,11,14,1,1,16,21,8
"MSTRG.339",241,300,307,277,187,248,313,245,338,124
"MSTRG.340",301,482,605,714,652,433,637,1183,1126,365
"MSTRG.341",3572,3746,4955,4921,4717,3266,3687,6406,5183,2685
"MSTRG.342",2948,2772,3009,2908,3199,3032,2705,3418,3171,3268
"MSTRG.343",16,13,10,6,2,10,8,4,6,2
"MSTRG.344",17,12,6,2,4,7,5,2,9,8
"MSTRG.345",538,559,507,574,349,443,415,515,507,274
"MSTRG.346",36,36,54,40,728,51,65,68,95,1351
"MSTRG.347",368,575,853,1067,2125,461,768,1056,1319,1107
"MSTRG.348",5,2,9,2,12,7,6,6,8,9
"MSTRG.349",2129,3525,4309,5857,7252,3997,5335,5369,6825,6552
"MSTRG.350",9,11,20,35,149,10,25,28,39,8
"MSTRG.351",26,25,30,58,26,18,29,84,76,23
"MSTRG.352",500,470,417,407,507,526,441,421,440,572
"MSTRG.353",12,12,9,11,18,6,13,6,6,9
"MSTRG.354",2503,2368,2247,1894,1119,2648,2170,1797,1726,1793
"MSTRG.355",153,160,114,113,58,121,145,137,151,112
"MSTRG.356",121,92,92,92,62,75,104,123,107,52
"MSTRG.357",29,16,26,22,19,31,26,24,20,13
"MSTRG.358",145,175,143,224,154,137,154,246,226,106
"MSTRG.359",0,1,1,4,1,3,4,1,2,1
"MSTRG.360",323,303,249,260,177,304,304,302,301,126
"MSTRG.361",7307,6110,4761,4315,3530,6808,5357,5003,4731,4029
"MSTRG.362",12,30,53,41,17,22,69,84,79,5
"MSTRG.363",0,0,0,0,0,0,0,0,0,0
"MSTRG.364",436,481,418,441,496,320,354,392,331,322
"MSTRG.365",3,4,2,4,3,2,3,4,10,4
"MSTRG.366",1,1,1,1,10,0,0,1,1,1
"MSTRG.367",23,21,28,16,20,20,16,18,19,13
"MSTRG.368",0,0,0,1,0,0,0,0,0,0
"MSTRG.369",1446,1905,1919,1717,1906,1539,2166,3252,2511,1915
"MSTRG.370",206,253,271,273,338,208,293,339,319,578
"MSTRG.371",3049,2867,2478,2577,2362,2380,2417,2933,2634,2482
"MSTRG.372",2,1,3,9,6,0,3,14,15,0
"MSTRG.373",3,2,1,3,3,2,2,0,1,1
"MSTRG.374",184,163,135,184,165,106,135,145,142,98
"MSTRG.375",1,0,0,1,1,1,1,2,2,7
"MSTRG.376",9,12,17,46,118,5,13,2,32,97
"MSTRG.377",0,0,0,0,0,0,0,0,0,0
"MSTRG.378",912,655,825,620,353,644,471,273,363,202
"MSTRG.379",0,0,0,1,0,0,0,1,1,0
"MSTRG.380",0,0,0,0,0,0,0,0,0,0
"MSTRG.381",25,17,49,9,15,10,38,17,11,5
"MSTRG.382",0,0,1,0,2,0,0,0,0,1
"MSTRG.383",0,0,0,0,0,0,0,0,0,0
"MSTRG.384",1,0,1,2,0,0,2,0,1,0
"MSTRG.385",5,14,28,9,3,12,24,0,17,7
"MSTRG.386",3,4,14,8,3,8,8,1,3,0
"MSTRG.387",0,0,0,0,0,0,0,0,0,0
"MSTRG.388",0,0,0,1,0,0,0,0,0,0
"MSTRG.389",26,19,12,17,9,24,12,11,17,28
"MSTRG.390",27,19,32,15,27,29,22,11,13,20
"MSTRG.391",216,188,90,186,248,224,179,160,339,561
"MSTRG.392",3,9,17,3,3,8,16,0,3,0
"MSTRG.393",5,5,5,0,0,2,1,0,1,1
"MSTRG.394",0,0,0,0,0,0,0,0,0,0
"MSTRG.395",12,11,19,13,22,30,26,6,14,8
"MSTRG.396",0,0,0,0,0,0,0,0,0,1
"MSTRG.397",13,14,20,12,10,10,27,3,11,8
"MSTRG.398",251,215,203,220,279,222,228,293,225,238
"MSTRG.399",281,382,453,802,544,743,721,858,1049,1041
"MSTRG.400",2,3,4,9,8,10,13,9,7,10
"MSTRG.401",2,2,6,17,7,10,9,10,20,9
"MSTRG.402",0,0,0,3,0,3,3,4,3,0
"MSTRG.403",1,1,1,0,1,0,1,0,2,0
"MSTRG.404",9,2,10,9,7,5,7,12,5,11
"MSTRG.405",4,4,5,2,3,10,2,4,7,3
"MSTRG.406",911,912,896,678,399,998,871,633,722,526
"MSTRG.407",1,0,0,0,0,0,0,0,1,0
"MSTRG.408",1117,1077,1095,1070,1115,1148,1008,769,1027,1016
"MSTRG.409",0,0,0,0,2,1,0,0,0,0
"MSTRG.410",0,0,0,0,0,0,0,0,0,0
"MSTRG.411",2,8,8,6,12,1,9,6,3,2
"MSTRG.412",1,0,0,0,0,0,0,0,0,0
"MSTRG.413",0,0,0,0,1,0,0,0,0,0
"MSTRG.414",0,0,1,0,0,0,0,0,0,0
"MSTRG.415",6,3,14,7,9,4,6,2,3,22
"MSTRG.416",23,19,18,17,22,18,17,19,19,51
"MSTRG.417",6,4,2,2,4,7,4,4,6,19
"MSTRG.418",58,55,16,36,27,119,62,7,38,77
"MSTRG.419",143,145,224,189,267,148,112,161,216,182
"MSTRG.420",1177,1276,1688,2371,1152,2338,2401,2647,2217,601
"MSTRG.421",17,23,23,49,58,51,50,58,67,33
"MSTRG.422",0,0,0,0,0,0,0,0,0,0
"MSTRG.423",1,1,4,7,16,3,7,4,18,21
"MSTRG.424",0,0,0,0,0,0,0,0,0,0
"MSTRG.425",1,0,0,4,0,0,0,0,3,1
"MSTRG.426",512,271,294,204,69,348,228,163,189,32
"MSTRG.427",0,0,0,0,0,0,0,0,0,0
"MSTRG.428",0,0,0,0,0,0,0,0,0,0
"MSTRG.429",1,0,2,5,0,0,2,1,5,2
"MSTRG.430",2469,1983,1884,1857,2443,2104,1800,1406,1923,2981
"MSTRG.431",17,7,6,12,9,15,8,4,17,12
"MSTRG.432",206,157,278,192,237,259,181,188,173,332
"MSTRG.433",23,6,13,7,10,22,6,4,3,9
"MSTRG.434",46,27,47,26,29,21,26,5,20,15
"MSTRG.435",5,13,11,5,1,13,8,2,3,5
"MSTRG.436",15,18,9,16,10,9,12,9,10,24
"MSTRG.437",4,3,1,5,3,1,7,1,0,11
"MSTRG.438",0,0,0,0,1,0,0,0,0,0
"MSTRG.439",33,49,53,35,11,50,29,39,35,9
"MSTRG.440",12,14,15,13,8,22,12,4,19,4
"MSTRG.441",21,29,53,35,13,24,29,10,16,7
"MSTRG.442",30,19,15,24,19,15,22,10,17,22
"MSTRG.443",7,6,1,10,9,0,7,2,16,5
"MSTRG.444",1127,1341,1440,1209,986,1296,974,747,881,410
"MSTRG.445",306,294,78,102,72,100,175,97,112,156
"MSTRG.446",5,8,6,4,1,10,9,1,5,2
"MSTRG.447",2590,1730,1062,962,1200,1996,1789,1342,1297,1369
"MSTRG.448",0,0,0,0,0,0,0,0,0,0
"MSTRG.449",808,592,494,477,242,746,451,488,414,309
"MSTRG.450",10,5,4,8,4,9,7,3,8,6
"MSTRG.451",0,0,1,1,0,2,0,0,0,0
"MSTRG.452",3514,4153,5175,6398,4689,4437,4378,4423,5552,3175
"MSTRG.453",1252,1058,895,1120,1077,986,1064,1504,1462,1436
"MSTRG.454",1233,1507,736,1152,1023,1024,1300,1489,1324,765
"MSTRG.455",1,1,1,0,0,1,1,0,3,0
"MSTRG.456",0,0,0,0,0,0,0,0,0,0
"MSTRG.457",3,4,4,1,1,4,1,0,1,1
"MSTRG.458",0,1,0,0,0,1,0,0,0,0
"MSTRG.459",16,19,9,2,13,5,6,5,10,5
"MSTRG.460",0,0,0,0,0,0,0,0,0,0
"MSTRG.461",0,0,0,0,0,1,0,0,0,0
"MSTRG.462",7,13,14,12,40,9,9,13,11,77
"MSTRG.463",449,441,496,547,1046,588,424,237,493,1141
"MSTRG.464",4,7,3,16,8,11,8,3,12,4
"MSTRG.465",23,38,27,23,13,17,29,20,14,16
"MSTRG.466",0,0,0,0,0,0,0,0,0,0
"MSTRG.467",2,3,0,1,0,7,0,5,5,0
"MSTRG.468",4,4,5,0,2,10,0,6,4,0
"MSTRG.469",109,141,212,307,1006,256,230,220,528,3243
"MSTRG.470",0,0,0,0,0,0,0,0,0,0
"MSTRG.471",0,0,0,0,0,0,0,0,0,0
"MSTRG.472",10,21,18,25,52,23,18,8,30,353
"MSTRG.473",698,700,531,485,751,639,642,699,617,1009
"MSTRG.474",122,174,212,341,305,182,247,200,420,93
"MSTRG.475",0,2,2,3,1,1,2,2,0,1
"MSTRG.476",5191,4527,2915,3536,1648,3617,3652,3145,3449,1413
"MSTRG.477",134,129,149,129,186,164,182,111,204,194
"MSTRG.478",859,692,474,358,175,550,537,529,406,197
"MSTRG.479",51,47,41,35,65,56,44,16,63,72
"MSTRG.480",6,1,3,5,4,2,3,1,3,6
"MSTRG.481",981,851,575,509,421,752,728,500,694,604
"MSTRG.482",0,0,0,0,0,0,0,0,0,0
"MSTRG.483",14,4,132,36,48,99,5,18,2,9
"MSTRG.484",18,15,18,17,36,21,26,14,21,30
"MSTRG.485",0,0,0,0,0,0,0,0,0,0
"MSTRG.486",249,314,302,477,563,257,243,278,274,297
"MSTRG.487",34,34,19,16,8,25,17,10,16,29
"MSTRG.488",64,43,75,44,18,53,35,35,21,48
"MSTRG.489",12,21,15,10,5,6,4,0,7,7
"MSTRG.490",0,0,0,0,1,0,0,0,0,5
"MSTRG.491",29,48,71,67,27,38,81,25,45,38
"MSTRG.492",0,0,0,5,18,0,0,0,1,3
"MSTRG.493",13,29,68,91,315,71,376,410,403,2533
"MSTRG.494",0,0,0,0,0,0,0,0,0,1
"MSTRG.495",15,17,51,27,32,30,45,9,20,29
"MSTRG.496",0,3,0,1,1,3,4,3,3,2
"MSTRG.497",34,30,27,30,43,38,19,21,27,57
"MSTRG.498",0,0,1,0,0,0,0,0,0,0
"MSTRG.499",1803,1724,1464,1756,1897,2417,1773,1321,1950,3273
"MSTRG.500",78,181,481,1194,3886,21,25,77,147,158
"MSTRG.501",450,356,231,314,221,537,337,300,407,462
"MSTRG.502",336,320,275,354,364,340,324,282,382,668
"MSTRG.503",1900,1269,907,819,524,2468,1328,556,793,424
"MSTRG.504",1,1,0,0,0,1,0,0,1,0
"MSTRG.505",2,4,9,2,4,3,3,27,6,10
"MSTRG.506",0,0,0,2,0,3,1,2,0,4
"MSTRG.507",9,5,6,1,3,2,6,1,0,2
"MSTRG.508",702,891,700,1016,2301,927,826,808,1131,2627
"MSTRG.509",29,15,24,13,6,23,21,17,32,36
"MSTRG.510",1040,1097,1886,2122,2020,1356,1729,1347,2569,3841
"MSTRG.511",0,0,0,0,1,0,0,0,0,0
"MSTRG.512",1,2,2,4,3,4,2,1,3,4
"MSTRG.513",911,648,764,813,517,531,484,584,516,305
"MSTRG.514",181,120,100,117,63,169,105,95,120,116
"MSTRG.515",3,5,9,4,10,6,6,0,2,8
"MSTRG.516",0,0,0,0,0,0,3,0,0,0
"MSTRG.517",4,4,4,5,2,7,4,3,3,4
"MSTRG.518",0,0,1,1,0,0,0,0,0,2
"MSTRG.519",49,65,189,451,4399,55,93,89,190,2958
"MSTRG.520",0,0,0,0,3,0,0,0,0,1
"MSTRG.521",1726,1411,1228,1393,915,2448,1490,925,1404,1263
"MSTRG.522",11,18,9,19,19,14,21,12,21,23
"MSTRG.523",50,54,70,83,66,54,69,78,137,85
"MSTRG.524",0,0,0,0,0,0,0,0,1,1
"MSTRG.525",0,0,1,0,0,0,0,0,0,0
"MSTRG.526",13,8,8,13,13,14,14,10,16,8
"MSTRG.527",0,0,0,0,0,1,0,0,0,0
"MSTRG.528",4385,3725,3222,2973,1204,3208,3146,3948,2326,1035
"MSTRG.529",0,0,0,0,0,0,0,0,0,0
"MSTRG.530",887,719,642,658,961,1047,819,323,802,1522
"MSTRG.531",0,0,0,0,0,0,0,0,0,0
"MSTRG.532",915,611,669,636,388,838,543,620,549,398
"MSTRG.533",1038,1571,2712,3656,5322,2025,2753,4617,5320,2833
"MSTRG.534",0,0,1,2,2,0,0,1,0,0
"MSTRG.535",16,21,16,13,9,18,26,16,17,10
"MSTRG.536",62,88,103,183,247,200,187,258,278,275
"MSTRG.537",0,0,0,0,0,0,0,0,0,0
"MSTRG.538",649,499,510,487,540,572,604,345,608,870
"MSTRG.539",0,0,0,0,0,1,0,0,0,0
"MSTRG.540",155,134,111,101,70,97,139,132,149,65
"MSTRG.541",485,454,222,184,58,248,321,261,200,65
"MSTRG.542",1776,1498,1064,986,301,1456,943,705,698,317
"MSTRG.543",61,39,90,70,185,48,75,41,48,522
"MSTRG.544",0,0,0,0,2,0,0,0,0,0
"MSTRG.545",159,211,201,214,179,134,177,205,211,98
"MSTRG.546",55,59,94,54,61,83,168,42,115,54
"MSTRG.547",52,68,154,64,37,150,253,36,153,76
"MSTRG.548",0,0,0,0,0,1,0,0,0,0
"MSTRG.549",0,0,0,0,0,0,0,0,0,0
"MSTRG.550",1243,1101,962,1189,2288,1455,1109,1617,1443,2821
"MSTRG.551",0,0,0,0,0,5,13,4,3,1
"MSTRG.552",224,168,111,107,139,210,127,105,85,164
"MSTRG.553",1,1,2,1,1,0,5,0,0,1
"MSTRG.554",20,13,45,50,73,25,25,24,40,59
"MSTRG.555",601,431,652,725,843,471,410,878,662,693
"MSTRG.556",0,0,0,0,0,0,0,0,0,0
"MSTRG.557",106,109,163,177,650,160,200,150,287,560
"MSTRG.558",1521,1231,1090,879,488,958,981,984,767,318
"MSTRG.559",115,54,17,17,1,2,0,5,0,0
"MSTRG.560",23,25,25,43,40,0,7,2,6,0
"MSTRG.561",6,5,7,5,8,3,4,4,6,9
"MSTRG.562",8,11,13,1,0,15,18,3,0,1
"MSTRG.563",16,8,16,3,3,39,16,25,4,5
"MSTRG.564",0,0,0,0,0,1,0,0,0,0
"MSTRG.565",1,0,0,0,2,0,0,1,0,1
"MSTRG.566",2421,2519,3235,3414,3006,2354,2050,1944,1818,3458
"MSTRG.567",1,0,0,0,0,0,0,1,0,0
"MSTRG.568",24,14,10,30,15,15,18,12,9,17
"MSTRG.569",0,0,0,0,1,1,1,0,0,0
"MSTRG.570",1,0,0,0,0,0,0,0,1,0
"MSTRG.571",0,0,1,2,1,0,1,0,2,0
"MSTRG.572",1007,1185,1446,1810,1830,1630,1422,916,1431,2702
"MSTRG.573",0,1,0,1,0,1,0,0,0,1
"MSTRG.574",0,0,1,0,0,1,0,0,0,0
"MSTRG.575",1185,953,1111,1148,843,1135,759,782,901,635
"MSTRG.576",8,9,15,14,15,10,6,12,13,18
"MSTRG.577",1501,1275,1367,1435,1199,1486,1044,537,767,554
"MSTRG.578",0,1,0,0,0,0,0,0,0,0
"MSTRG.579",0,0,0,0,0,0,0,0,1,0
"MSTRG.580",0,0,0,1,1,2,1,0,0,1
"MSTRG.581",0,0,0,0,0,1,0,0,0,0
"MSTRG.582",58,63,115,168,103,210,239,110,142,48
"MSTRG.583",0,0,1,0,0,0,1,0,0,0
"MSTRG.584",0,0,0,1,0,0,1,0,1,0
"MSTRG.585",2,4,5,4,1,2,3,3,4,1
"MSTRG.586",819,770,618,576,602,676,600,578,610,313
"MSTRG.587",0,0,0,0,0,0,0,1,0,0
"MSTRG.588",271,372,494,723,1327,290,413,733,701,731
"MSTRG.589",50,56,34,31,15,41,45,33,24,5
"MSTRG.590",24,18,21,21,66,16,11,16,27,46
"MSTRG.591",177,212,262,325,563,280,285,394,440,761
"MSTRG.592",1623,1312,1141,1264,1650,1615,1089,750,1007,2760
"MSTRG.593",1502,1057,1219,1093,1062,1302,940,865,1085,1601
"MSTRG.594",1509,1039,926,970,513,1557,868,1207,850,699
"MSTRG.595",9,6,9,10,12,15,19,9,17,9
"MSTRG.596",250,199,198,234,155,140,195,238,220,170
"MSTRG.597",5,2,5,5,3,3,1,3,3,3
"MSTRG.598",0,0,0,0,0,0,0,0,0,0
"MSTRG.599",4885,3423,2447,2932,1375,4357,2452,2261,2498,1160
"MSTRG.600",16,7,21,14,4,12,3,3,11,1
"MSTRG.601",42,43,49,39,2,37,29,16,20,7
"MSTRG.602",57,60,78,54,5,70,46,25,26,24
"MSTRG.603",1328,1410,1702,1710,729,1721,1207,931,1063,740
"MSTRG.604",5,3,2,1,1,6,3,5,5,3
"MSTRG.605",9,15,11,15,4,4,1,14,17,4
"MSTRG.606",0,0,0,2,0,1,0,1,3,1
"MSTRG.607",495,486,337,366,190,417,379,336,316,265
"MSTRG.608",28,30,25,34,14,18,8,13,12,13
"MSTRG.609",8,1,2,6,3,2,1,4,4,0
"MSTRG.610",1,1,2,0,0,0,1,1,4,0
"MSTRG.611",19,12,18,19,13,18,15,11,22,12
"MSTRG.612",1107,1145,1242,1159,1113,1235,1007,667,976,1340
"MSTRG.613",340,283,331,499,1199,438,395,394,572,1601
"MSTRG.614",1604,1402,1726,1602,1118,1448,1233,683,1260,1115
"MSTRG.615",0,0,0,0,0,0,0,1,1,0
"MSTRG.616",563,515,467,462,494,973,665,614,643,962
"MSTRG.617",6,4,23,13,204,10,10,29,142,379
"MSTRG.618",2179,1844,1764,1358,857,2058,1511,1056,1105,1057
"MSTRG.619",573,375,292,292,250,285,225,177,292,306
"MSTRG.620",1,4,2,2,1,2,2,2,3,0
"MSTRG.621",9,5,6,19,11,9,8,10,8,8
"MSTRG.622",88,62,159,110,168,132,96,158,133,186
"MSTRG.623",125,99,151,156,209,227,110,174,144,239
"MSTRG.624",1,4,4,2,1,3,1,4,2,1
"MSTRG.625",6,9,3,1,1,19,31,14,16,1
"MSTRG.626",76,95,152,166,195,192,167,98,189,281
"MSTRG.627",0,0,0,0,0,0,0,0,0,0
"MSTRG.628",26,14,12,6,12,9,9,2,7,9
"MSTRG.629",1204,1047,987,1168,996,1495,1113,915,1025,1139
"MSTRG.630",0,0,0,0,0,0,0,0,0,0
"MSTRG.631",14,12,8,7,10,15,14,15,13,12
"MSTRG.632",0,4,2,0,0,0,1,0,0,0
"MSTRG.633",1,2,1,0,0,3,0,1,0,0
"MSTRG.634",35,35,45,55,251,64,53,27,89,528
"MSTRG.635",140,174,226,207,334,177,220,170,267,533
"MSTRG.636",3,0,4,2,0,0,6,0,0,3
"MSTRG.637",12,14,10,10,6,13,12,9,6,15
"MSTRG.638",30,18,18,40,22,36,37,23,45,21
"MSTRG.639",4820,3720,2528,2508,1449,3099,3454,3571,2971,2166
"MSTRG.640",370,433,361,515,706,473,478,544,590,563
"MSTRG.641",12,9,12,17,37,13,4,4,12,14
"MSTRG.642",15,33,37,40,153,28,42,20,66,160
"MSTRG.643",1569,1427,1317,1521,1849,2009,1341,1284,1594,2022
"MSTRG.644",1974,1962,2180,2847,3388,2413,2104,1660,2660,2121
"MSTRG.645",0,1,0,1,0,1,1,4,3,0
"MSTRG.646",57,54,47,67,57,60,60,63,82,44
"MSTRG.647",0,0,0,0,0,0,0,0,0,0
"MSTRG.648",8,8,14,13,3,8,4,3,9,9
"MSTRG.649",113,86,128,119,133,165,113,135,206,208
"MSTRG.650",1,0,0,0,0,0,0,0,0,0
"MSTRG.651",1,0,0,0,0,0,1,0,0,0
"MSTRG.652",0,0,0,0,0,0,0,0,0,0
"MSTRG.653",397,352,262,275,185,397,297,266,245,114
"MSTRG.654",0,0,0,0,0,0,0,0,0,0
"MSTRG.655",245,151,178,171,89,184,169,203,121,53
"MSTRG.656",3,3,0,0,1,4,5,0,0,0
"MSTRG.657",18,14,4,10,6,44,31,10,10,11
"MSTRG.658",19,10,9,6,8,15,16,9,7,17
"MSTRG.659",1,2,0,1,1,1,1,1,0,5
"MSTRG.660",0,0,0,0,0,0,0,0,0,0
"MSTRG.661",0,0,1,0,0,1,0,0,0,0
"MSTRG.662",0,0,0,0,0,0,0,0,0,0
"MSTRG.663",73,91,20,62,35,17,79,4,54,12
"MSTRG.664",17,14,16,18,49,14,20,13,26,29
"MSTRG.665",7,7,10,6,13,7,12,5,9,20
"MSTRG.666",44,59,131,173,223,112,119,236,222,215
"MSTRG.667",44,86,214,132,143,70,119,11,177,182
"MSTRG.668",3,4,10,5,7,1,3,5,4,8
"MSTRG.669",0,0,0,0,0,0,0,0,0,0
"MSTRG.670",1,2,5,3,5,0,4,1,3,6
"MSTRG.671",0,2,8,4,23,4,12,10,17,11
"MSTRG.672",268,289,349,293,354,391,447,343,393,408
"MSTRG.673",1,1,1,2,1,5,0,0,1,3
"MSTRG.674",147,140,186,182,153,98,110,130,225,97
"MSTRG.675",6,7,16,10,12,7,13,2,8,102
"MSTRG.676",0,1,3,1,3,3,0,1,3,9
"MSTRG.677",40,61,62,72,42,65,115,13,50,43
"MSTRG.678",0,0,0,0,0,0,0,0,0,0
"MSTRG.679",0,0,0,0,0,0,0,0,0,1
"MSTRG.680",336,289,337,323,409,401,381,432,444,410
"MSTRG.681",0,0,0,0,0,0,0,0,0,0
"MSTRG.682",654,342,267,122,44,254,199,60,139,32
"MSTRG.683",1,0,0,0,0,0,0,0,0,0
"MSTRG.684",0,1,0,0,0,0,0,0,1,0
"MSTRG.685",4,6,10,12,5,2,3,0,1,1
"MSTRG.686",0,0,3,1,9,4,1,2,2,1
"MSTRG.687",20,58,93,152,258,71,114,269,265,174
"MSTRG.688",335,271,239,214,154,249,193,199,171,177
"MSTRG.689",1,6,4,0,5,2,1,0,3,4
"MSTRG.690",0,0,1,0,0,0,2,1,0,0
"MSTRG.691",0,0,2,0,2,0,0,0,2,0
"MSTRG.692",11,11,14,18,9,20,8,16,10,10
"MSTRG.693",0,1,0,2,0,1,1,0,1,0
"MSTRG.694",0,0,0,0,0,1,0,0,0,0
"MSTRG.695",0,1,4,1,1,2,3,2,1,2
"MSTRG.696",0,1,0,0,2,0,0,0,0,1
"MSTRG.697",225,164,107,112,175,136,121,73,113,346
"MSTRG.698",0,0,1,0,0,0,0,0,0,0
"MSTRG.699",0,0,0,0,0,0,0,0,0,0
"MSTRG.700",0,0,0,1,0,1,0,4,0,3
"MSTRG.701",6,5,2,1,5,3,4,2,3,4
"MSTRG.702",400,346,358,408,486,317,341,156,332,219
"MSTRG.703",2,3,3,3,4,2,0,0,3,3
"MSTRG.704",59,87,212,218,435,138,180,193,249,459
"MSTRG.705",3336,2782,2422,2435,2307,4665,3077,1917,2636,2396
"MSTRG.706",342,363,324,262,78,629,660,616,231,85
"MSTRG.707",1220,1107,1017,1051,847,1204,916,563,765,749
"MSTRG.708",264,328,460,473,1091,556,510,644,633,1500
"MSTRG.709",0,0,0,0,0,0,0,0,0,0
"MSTRG.710",0,1,1,1,2,3,2,3,2,6
"MSTRG.711",0,0,0,1,0,1,3,1,0,2
"MSTRG.712",1857,1681,1247,1345,966,1925,1339,1313,1165,965
"MSTRG.713",6788,5765,4793,4135,2765,5286,5121,5230,4729,3164
"MSTRG.714",1597,801,461,200,84,408,278,81,235,32
"MSTRG.715",55,39,26,56,42,95,37,40,49,90
"MSTRG.716",177,139,120,207,92,63,130,146,137,55
"MSTRG.717",1,0,0,0,0,3,5,0,3,2
"MSTRG.718",45,33,35,40,31,36,43,21,19,27
"MSTRG.719",379,474,613,845,771,386,362,477,574,367
"MSTRG.720",12,8,11,12,6,14,14,18,11,25
"MSTRG.721",75,92,162,140,97,121,158,17,143,145
"MSTRG.722",0,1,1,0,1,2,0,0,3,0
"MSTRG.723",464,230,153,63,16,167,101,41,66,10
"MSTRG.724",0,0,0,0,0,0,0,0,0,0
"MSTRG.725",22,41,62,19,97,15,43,21,39,24
"MSTRG.726",6,4,1,4,4,13,13,0,8,2
"MSTRG.727",287,231,185,199,125,299,187,146,174,271
"MSTRG.728",237,279,456,667,1879,282,351,518,679,1486
"MSTRG.729",1,1,1,0,2,3,1,0,1,1
"MSTRG.730",3,1,2,3,3,2,1,8,3,19
"MSTRG.731",20,26,21,30,18,7,1,6,4,3
"MSTRG.732",5,5,8,6,1,1,0,0,0,1
"MSTRG.733",1181,855,536,462,249,447,420,143,413,471
"MSTRG.734",115,104,100,101,67,73,109,87,61,44
"MSTRG.735",89,52,67,62,71,58,60,36,39,86
"MSTRG.736",740,497,474,366,323,454,447,247,369,656
"MSTRG.737",21,6,7,12,7,15,8,5,20,8
"MSTRG.738",17,19,15,15,24,33,30,26,19,29
"MSTRG.739",1,1,0,0,0,0,0,0,0,1
"MSTRG.740",549,444,517,380,328,563,404,363,391,356
"MSTRG.741",364,384,384,415,293,489,356,369,562,409
"MSTRG.742",12,21,20,14,18,5,19,15,12,34
"MSTRG.743",304,248,71,88,47,211,168,53,97,175
"MSTRG.744",31,43,22,32,16,20,32,10,30,18
"MSTRG.745",0,0,0,0,0,0,0,0,0,0
"MSTRG.746",1087,508,361,251,86,508,282,111,292,99
"MSTRG.747",3,4,2,1,1,6,4,2,1,5
"MSTRG.748",0,0,0,0,0,0,1,0,1,0
"MSTRG.749",7,7,4,14,4,8,10,4,10,1
"MSTRG.750",0,0,0,1,0,3,5,4,1,0
"MSTRG.751",15,11,4,6,10,5,15,6,8,32
"MSTRG.752",16,17,15,12,11,24,19,17,13,38
"MSTRG.753",23,18,34,8,14,25,23,11,11,133
"MSTRG.754",31,45,27,34,23,38,40,3,27,108
"MSTRG.755",0,0,0,0,0,0,0,0,0,0
"MSTRG.756",11,12,16,10,13,12,11,9,7,18
"MSTRG.757",17,12,21,33,88,10,10,14,28,246
"MSTRG.758",1079,1074,1273,1113,2872,747,866,1279,1355,985
"MSTRG.759",86,49,45,26,62,41,41,10,38,38
"MSTRG.760",3799,3850,4072,4145,3294,3111,3031,1667,2651,3619
"MSTRG.761",0,1,0,0,0,0,0,0,0,1
"MSTRG.762",35,35,45,42,20,50,49,15,38,34
"MSTRG.763",1355,1234,1057,872,395,1226,1013,939,856,376
"MSTRG.764",568,573,423,532,365,689,497,314,408,371
"MSTRG.765",70,69,81,81,81,99,61,93,77,65
"MSTRG.766",278,306,312,363,564,279,290,327,428,338
"MSTRG.767",244,178,176,156,232,183,134,123,151,127
"MSTRG.768",7,2,7,6,3,6,2,5,7,3
"MSTRG.769",565,567,415,523,359,681,491,315,404,367
"MSTRG.770",0,0,0,1,0,0,0,0,0,0
"MSTRG.771",3,0,2,0,3,2,1,2,4,19
"MSTRG.772",8,8,11,12,5,7,2,10,7,1
"MSTRG.773",633,490,358,333,146,522,360,263,270,189
"MSTRG.774",500,366,285,307,250,589,365,116,331,373
"MSTRG.775",5,10,6,18,80,6,9,20,15,17
"MSTRG.776",55,63,48,44,53,48,51,31,30,93
"MSTRG.777",0,0,2,0,0,0,0,1,3,0
"MSTRG.778",0,0,0,0,137,2,0,0,0,553
"MSTRG.779",67,47,23,23,24,99,50,45,44,44
"MSTRG.780",17,14,3,12,8,25,15,6,14,24
"MSTRG.781",2595,2424,2237,2398,2709,3501,2426,2153,2797,3156
"MSTRG.782",36,33,32,30,43,33,42,24,46,30
"MSTRG.783",0,0,0,0,1,0,0,0,0,1
"MSTRG.784",28,40,58,65,57,33,37,21,34,178
"MSTRG.785",1551,1068,918,812,594,1835,980,340,559,630
"MSTRG.786",4228,3820,4143,4653,3896,5833,4049,4501,4899,4953
"MSTRG.787",9,4,3,3,2,8,0,1,4,4
"MSTRG.788",352,250,287,233,101,272,194,162,197,136
"MSTRG.789",1960,1888,1955,1694,1241,2132,2425,2105,2306,548
"MSTRG.790",498,275,186,123,76,251,183,67,156,67
"MSTRG.791",163,191,154,202,140,150,145,221,142,109
"MSTRG.792",258,233,151,128,92,139,111,102,71,55
"MSTRG.793",539,483,535,660,828,488,462,646,661,480
"MSTRG.794",3071,2400,2428,2262,5439,2278,2594,3128,3159,5101
"MSTRG.795",350,255,275,292,192,285,243,252,245,154
"MSTRG.796",357,361,332,347,280,266,289,277,314,229
"MSTRG.797",977,874,897,851,626,791,873,880,956,717
"MSTRG.798",0,0,0,0,0,0,0,0,0,0
"MSTRG.799",93,103,95,79,121,59,99,123,104,138
"MSTRG.800",4,5,9,5,1,1,6,10,7,5
"MSTRG.801",21,31,41,35,22,38,34,38,55,28
"MSTRG.802",1186,1413,1384,1427,816,1040,1206,1541,1094,410
"MSTRG.803",643,691,695,689,857,569,689,711,741,1062
"MSTRG.804",3,3,3,3,0,4,6,4,2,9
"MSTRG.805",27,30,12,25,181,13,21,15,35,102
"MSTRG.806",152,157,169,202,164,128,211,140,222,105
"MSTRG.807",1060,1189,1188,1196,1173,1308,1187,1294,1274,1510
"MSTRG.808",4,11,55,44,25,21,12,41,30,66
"MSTRG.809",221,416,510,964,1564,437,636,1121,1041,1857
"MSTRG.810",170,216,216,311,862,200,209,552,493,252
"MSTRG.811",0,0,0,0,0,0,0,0,0,0
"MSTRG.812",0,0,0,0,0,0,0,0,0,0
"MSTRG.813",9,3,1,1,0,0,3,2,0,2
"MSTRG.814",2,1,2,1,1,0,0,0,1,7
"MSTRG.815",223,195,185,142,145,278,181,172,201,214
"MSTRG.816",0,0,0,0,0,0,0,0,0,0
"MSTRG.817",81,99,70,81,70,118,112,61,78,25
"MSTRG.818",75,79,92,95,100,69,114,71,132,102
"MSTRG.819",0,0,1,0,0,0,0,0,0,2
"MSTRG.820",580,466,396,339,143,394,366,291,327,160
"MSTRG.821",20,10,10,22,8,12,17,11,15,4
"MSTRG.822",3,5,6,11,11,4,2,10,8,7
"MSTRG.823",0,0,0,0,0,0,0,0,0,0
"MSTRG.824",0,0,0,0,0,0,0,0,0,0
"MSTRG.825",0,0,0,0,0,0,1,0,0,0
"MSTRG.826",57,29,33,41,53,47,34,20,46,48
"MSTRG.827",29,37,26,20,19,35,20,25,31,35
"MSTRG.828",0,0,0,1,7,0,0,2,1,5
"MSTRG.829",71,137,295,330,1378,123,226,318,361,1922
"MSTRG.830",0,0,1,3,1,0,1,0,0,0
"MSTRG.831",22,31,41,65,101,13,38,29,57,99
"MSTRG.832",547,518,602,703,2975,581,724,991,1155,3965
"MSTRG.833",5,4,3,11,17,10,7,7,8,26
"MSTRG.834",7,3,4,2,0,1,0,0,0,0
"MSTRG.835",63,43,27,8,0,9,13,5,0,0
"MSTRG.836",558,665,608,775,452,504,518,619,672,596
"MSTRG.837",19,20,19,22,15,19,17,13,29,16
"MSTRG.838",142,162,164,148,179,136,160,102,124,160
"MSTRG.839",450,403,339,416,456,431,406,441,501,391
"MSTRG.840",27,29,17,27,42,40,29,34,32,61
"MSTRG.841",1,3,6,9,10,1,6,11,10,1
"MSTRG.842",469,360,369,304,228,352,319,265,345,248
"MSTRG.843",2,3,0,1,2,3,1,3,2,1
"MSTRG.844",0,0,2,1,0,0,2,0,4,2
"MSTRG.845",0,0,0,0,0,0,1,0,0,0
"MSTRG.846",1,7,12,5,7,6,15,9,6,2
"MSTRG.847",390,362,436,436,436,424,357,329,412,277
"MSTRG.848",1180,1094,894,906,650,1372,1004,563,976,1129
"MSTRG.849",400,327,319,407,197,402,293,330,347,216
"MSTRG.850",0,0,0,1,0,0,1,0,1,0
"MSTRG.851",1,8,2,0,0,4,4,1,2,0
"MSTRG.852",503,470,412,494,383,513,470,604,588,344
"MSTRG.853",6,2,2,3,4,5,1,12,8,42
"MSTRG.854",28,52,19,28,13,21,56,9,34,10
"MSTRG.855",4,3,9,6,6,7,5,6,5,9
"MSTRG.856",128,77,101,73,138,233,139,132,126,385
"MSTRG.857",0,1,0,0,0,0,0,0,0,5
"MSTRG.858",6,5,2,10,6,5,11,5,7,6
"MSTRG.859",1,0,1,0,1,1,5,2,2,12
"MSTRG.860",15156,14339,16547,15955,21673,13713,15157,14813,18082,34419
"MSTRG.861",1,0,0,0,1,1,0,0,1,0
"MSTRG.862",443,468,949,781,2739,627,672,823,857,6470
"MSTRG.863",126,54,34,17,3,46,3,13,6,4
"MSTRG.864",788,806,619,813,1289,1085,986,1529,1358,1758
"MSTRG.865",1171,1016,865,834,821,957,845,686,849,938
"MSTRG.866",57,70,100,75,14,5,6,0,1,0
"MSTRG.867",0,11,65,2,1,116,107,20,150,39
"MSTRG.868",0,0,0,0,0,1,0,0,0,0
"MSTRG.869",0,0,0,0,0,0,0,0,0,0
"MSTRG.870",1,0,1,0,0,6,2,0,3,2
"MSTRG.871",1,0,0,0,0,0,0,0,0,0
"MSTRG.872",1248,1250,1299,1205,787,1696,1329,837,1147,1402
"MSTRG.873",0,0,0,0,0,0,0,0,0,0
"MSTRG.874",4,2,0,1,2,2,4,0,3,2
"MSTRG.875",2261,3051,3533,3167,1228,2533,3339,3728,3662,1684
"MSTRG.876",109,135,64,65,108,92,122,117,130,148
"MSTRG.877",506,432,399,372,250,394,290,227,211,225
"MSTRG.878",684,634,395,348,357,402,564,469,390,526
"MSTRG.879",115,195,268,308,151,202,273,372,430,91
"MSTRG.880",1210,1644,1580,1762,1774,1257,1709,2057,1846,1105
"MSTRG.881",6,12,20,9,8,8,13,15,13,3
"MSTRG.882",1,2,2,3,3,1,4,2,4,1
"MSTRG.883",4,3,5,4,13,10,4,10,12,33
"MSTRG.884",0,0,1,0,0,9,1,0,4,1
"MSTRG.885",0,0,0,0,0,0,0,0,0,0
"MSTRG.886",0,3,15,1,0,61,18,4,19,33
"MSTRG.887",0,0,3,0,0,24,4,0,8,7
"MSTRG.888",0,0,16,0,0,72,15,1,8,25
"MSTRG.889",14,6,18,13,26,20,17,32,25,15
"MSTRG.890",0,0,0,0,0,0,0,0,0,0
"MSTRG.891",1942,1908,1475,2295,1825,1966,1691,1296,1957,1628
"MSTRG.892",2,1,0,3,3,3,3,3,1,0
"MSTRG.893",1820,1415,997,928,485,1217,1318,1349,1072,617
"MSTRG.894",0,0,1,1,0,3,1,4,2,7
"MSTRG.895",180,140,105,108,89,127,120,135,149,141
"MSTRG.896",184,194,158,191,289,276,225,330,270,337
"MSTRG.897",116,136,142,163,157,138,177,182,187,143
"MSTRG.898",4,3,3,2,2,6,6,4,3,4
"MSTRG.899",11,5,1,1,0,4,4,4,1,0
"MSTRG.900",4051,3580,3556,4250,2607,4753,3263,2645,3637,2776
"MSTRG.901",2,0,0,0,0,3,1,2,0,0
"MSTRG.902",102,184,299,580,1519,90,127,246,300,209
"MSTRG.903",392,391,421,445,380,487,437,408,485,331
"MSTRG.904",0,0,1,5,2,1,3,0,1,2
"MSTRG.905",676,582,280,363,167,509,471,381,628,390
"MSTRG.906",24,20,16,17,14,33,20,15,10,9
"MSTRG.907",1,0,0,0,1,1,0,1,1,1
"MSTRG.908",24,22,36,47,59,30,33,56,69,85
"MSTRG.909",6324,6051,4883,3476,1646,4253,4318,3383,2601,1650
"MSTRG.910",946,943,1085,803,483,656,886,830,850,338
"MSTRG.911",1658,1358,1377,1211,800,1353,1293,1167,1048,746
"MSTRG.912",0,0,0,0,1,0,5,2,0,0
"MSTRG.913",0,1,0,1,1,16,29,35,18,2
"MSTRG.914",1677,1683,1836,1860,1730,1844,2023,1903,1979,1609
"MSTRG.915",54,60,51,44,33,31,44,75,42,22
"MSTRG.916",1,0,0,0,0,1,0,0,0,0
"MSTRG.917",20,15,20,8,19,8,9,6,5,8
"MSTRG.918",46,60,61,52,52,47,75,45,57,57
"MSTRG.919",1688,2637,3274,4702,3978,2305,3425,5287,4822,1480
"MSTRG.920",49,74,36,57,67,50,63,104,76,87
"MSTRG.921",1460,1375,1380,1318,1059,1186,1199,1841,1218,980
"MSTRG.922",78,96,109,159,329,73,86,159,123,189
"MSTRG.923",0,0,0,0,1,0,0,0,0,0
"MSTRG.924",9,6,3,11,7,6,10,12,6,8
"MSTRG.925",0,0,0,1,1,0,0,0,2,1
"MSTRG.926",3898,4014,3511,3906,2864,3533,3501,4344,4048,2387
"MSTRG.927",667,654,579,446,295,468,546,348,473,242
"MSTRG.928",20,17,18,13,15,16,15,25,9,10
"MSTRG.929",24,29,14,19,13,17,25,19,20,6
"MSTRG.930",845,945,912,859,849,638,904,933,856,568
"MSTRG.931",29,44,56,53,68,33,58,94,65,127
"MSTRG.932",933,817,871,819,830,973,724,1264,816,879
"MSTRG.933",355,330,321,296,110,232,334,247,281,126
"MSTRG.934",53,53,21,21,6,67,48,15,16,2
"MSTRG.935",1427,1349,1235,1088,1147,1329,1382,1274,1320,889
"MSTRG.936",2,5,1,2,0,0,0,0,3,3
"MSTRG.937",2,21,1,3,0,3,19,1,0,2
"MSTRG.938",1,2,0,0,0,0,1,0,0,0
"MSTRG.939",24,29,51,30,16,46,44,33,20,32
"MSTRG.940",60,54,76,36,35,81,71,74,44,51
"MSTRG.941",162,127,123,124,130,294,266,315,261,246
"MSTRG.942",1,2,3,5,16,1,4,2,11,25
"MSTRG.943",6,6,7,4,8,4,9,5,7,5
"MSTRG.944",187,201,290,306,506,355,354,328,431,535
"MSTRG.945",90,99,95,144,147,154,150,126,189,188
"MSTRG.946",1122,1069,1075,1241,885,1488,1249,1299,1341,1253
"MSTRG.947",6060,6684,7276,4971,3324,12008,9895,10617,6992,3134
"MSTRG.948",764,867,687,717,378,1070,978,772,870,696
"MSTRG.949",0,0,1,0,0,0,0,0,1,0
"MSTRG.950",0,0,0,0,0,1,0,0,0,0
"MSTRG.951",267,233,193,172,81,281,171,162,123,129
"MSTRG.952",912,786,949,932,1300,872,747,1259,911,1305
"MSTRG.953",1045,889,765,691,397,872,718,577,633,540
"MSTRG.954",9,7,10,16,39,8,14,2,11,9
"MSTRG.955",0,0,1,0,1,2,3,0,5,0
"MSTRG.956",212,362,450,648,1394,284,525,852,905,1166
"MSTRG.957",0,0,0,0,1,0,0,1,0,1
"MSTRG.958",1,0,0,0,1,0,0,0,0,0
"MSTRG.959",1298,1070,1163,860,779,880,1111,414,1005,543
"MSTRG.960",0,1,0,0,0,0,0,0,1,0
"MSTRG.961",307,240,209,201,181,230,194,184,213,105
"MSTRG.962",16,17,20,11,8,17,20,4,8,6
"MSTRG.963",1291,1035,1119,945,1604,1231,884,465,788,1847
"MSTRG.964",6,5,4,7,6,9,13,9,8,9
"MSTRG.965",0,0,0,0,0,0,0,1,0,1
"MSTRG.966",3,4,2,11,10,7,4,10,15,19
"MSTRG.967",1478,1005,1092,1248,927,1265,973,1015,1120,978
"MSTRG.968",0,0,0,0,0,0,0,0,0,0
"MSTRG.969",323,242,232,280,103,291,253,168,259,135
"MSTRG.970",0,0,0,0,0,0,0,0,0,0
"MSTRG.971",3,6,3,8,4,8,2,6,8,1
"MSTRG.972",335,488,425,560,383,393,492,819,506,209
"MSTRG.973",18,21,13,22,14,13,33,12,24,28
"MSTRG.974",11,8,9,10,5,19,19,11,13,3
"MSTRG.975",244,214,349,449,594,541,341,647,750,426
"MSTRG.976",0,1,0,0,0,0,0,0,0,0
"MSTRG.977",2,1,0,2,4,3,1,0,2,0
"MSTRG.978",2,1,2,0,1,1,5,4,1,1
"MSTRG.979",405,394,508,554,993,789,688,574,899,525
"MSTRG.980",2,0,3,2,3,5,0,3,3,0
"MSTRG.981",1,0,1,7,3,3,4,2,9,4
"MSTRG.982",12,6,2,3,1,5,4,0,2,2
"MSTRG.983",0,0,0,0,0,0,0,0,0,0
"MSTRG.984",0,0,0,0,0,0,0,0,0,0
"MSTRG.985",15,21,19,8,15,13,15,17,17,17
"MSTRG.986",3,1,1,1,0,0,1,1,2,0
"MSTRG.987",76,59,54,44,28,79,67,35,44,58
"MSTRG.988",6,13,13,10,19,10,8,5,8,3
"MSTRG.989",28,35,15,24,31,47,40,7,35,116
"MSTRG.990",1247,939,991,1077,1006,974,818,1009,968,619
"MSTRG.991",13,11,8,11,2,12,10,8,8,15
"MSTRG.992",10,5,6,29,11,10,4,7,6,10
"MSTRG.993",220,156,140,83,123,160,104,60,98,463
"MSTRG.994",86,65,53,28,23,57,55,37,44,193
"MSTRG.995",0,1,0,1,0,0,0,0,0,1
"MSTRG.996",1,2,2,0,2,1,0,0,0,2
"MSTRG.997",644,582,916,1153,2032,562,719,537,1346,2102
"MSTRG.998",0,0,0,0,0,0,0,0,0,0
"MSTRG.999",879,799,810,586,814,748,644,484,497,763
"MSTRG.1000",7,2,1,4,21,0,1,0,8,25
"MSTRG.1001",0,0,0,0,0,0,0,0,0,0
"MSTRG.1002",504,488,441,498,348,509,399,297,343,420
"MSTRG.1003",4,9,7,3,0,9,8,6,4,9
"MSTRG.1004",33,31,25,30,32,12,13,14,30,114
"MSTRG.1005",0,1,0,0,0,0,0,0,0,0
"MSTRG.1006",0,0,0,0,0,0,0,0,0,4
"MSTRG.1007",18,13,50,48,102,8,42,21,82,600
"MSTRG.1008",1469,1207,910,725,547,941,1018,979,735,424
"MSTRG.1009",3,3,7,7,5,3,3,7,5,9
"MSTRG.1010",3149,2178,2465,1944,1130,3025,1797,1403,1520,1356
"MSTRG.1011",392,202,86,99,69,50,40,34,48,57
"MSTRG.1012",0,0,0,0,1,0,0,0,0,0
"MSTRG.1013",3,1,0,5,6,0,0,0,3,1
"MSTRG.1014",1035,790,697,534,939,900,661,587,641,743
"MSTRG.1015",868,760,823,997,716,766,608,747,796,793
"MSTRG.1016",1203,1050,1278,1298,987,1391,1129,1153,1234,769
"MSTRG.1017",0,0,0,0,0,0,0,0,1,0
"MSTRG.1018",0,0,1,1,0,0,0,0,0,0
"MSTRG.1019",6,9,7,1,3,9,8,7,6,3
"MSTRG.1020",106,153,270,248,434,182,351,326,359,148
"MSTRG.1021",0,0,0,0,0,0,0,0,0,0
"MSTRG.1022",13,13,13,14,9,25,11,7,12,9
"MSTRG.1023",7,4,13,4,2,11,10,9,2,2
"MSTRG.1024",746,811,807,1126,1937,924,954,899,1207,1537
"MSTRG.1025",2,2,8,8,10,2,8,3,4,6
"MSTRG.1026",7,16,19,18,20,5,5,6,8,10
"MSTRG.1027",1,1,2,9,59,2,1,0,1,2
"MSTRG.1028",125,115,203,348,670,217,185,309,357,303
"MSTRG.1029",584,479,443,398,370,590,466,429,477,473
"MSTRG.1030",612,610,674,668,1112,771,699,945,772,870
"MSTRG.1031",0,2,5,3,1,6,3,7,1,1
"MSTRG.1032",1473,2184,239,808,1020,6036,4030,7205,5858,1169
"MSTRG.1033",2,1,0,1,1,2,0,2,2,1
"MSTRG.1034",0,0,0,0,0,1,1,0,1,0
"MSTRG.1035",77,26,23,108,31,130,16,28,59,33
"MSTRG.1036",1,5,9,1,0,1,0,5,4,0
"MSTRG.1037",15,15,12,19,8,21,21,28,28,4
"MSTRG.1038",1,0,1,0,0,0,0,0,0,0
"MSTRG.1039",171,162,131,173,114,141,183,215,244,44
"MSTRG.1040",4,4,6,11,20,11,8,8,27,3
"MSTRG.1041",227,162,175,225,194,187,184,135,193,149
"MSTRG.1042",765,602,551,538,329,676,490,311,504,546
"MSTRG.1043",28,41,42,78,253,9,10,41,45,42
"MSTRG.1044",0,1,2,0,1,1,1,0,1,2
"MSTRG.1045",1068,975,1126,948,965,1223,844,474,729,1140
"MSTRG.1046",15,28,44,33,15,22,21,60,38,10
"MSTRG.1047",123,160,343,304,395,180,268,283,363,920
"MSTRG.1048",0,1,0,0,1,0,0,0,0,6
"MSTRG.1049",970,1492,2477,3124,2165,1940,2225,2456,3176,4386
"MSTRG.1050",0,0,0,0,1,0,0,0,0,0
"MSTRG.1051",14,20,29,35,33,18,17,20,27,49
"MSTRG.1052",4,3,10,11,3,5,5,1,9,7
"MSTRG.1053",775,785,781,757,564,751,728,553,634,625
"MSTRG.1054",14,10,19,16,5,12,14,6,7,6
"MSTRG.1055",336,427,494,699,366,364,406,437,562,391
"MSTRG.1056",4,3,2,5,8,5,3,13,12,9
"MSTRG.1057",0,0,1,0,1,3,0,0,0,0
"MSTRG.1058",0,0,0,0,0,1,0,0,0,0
"MSTRG.1059",1160,1227,1140,1385,2219,1642,1448,964,1397,1256
"MSTRG.1060",7,6,20,18,28,7,12,5,16,25
"MSTRG.1061",9,9,9,9,4,19,9,2,4,12
"MSTRG.1062",0,0,0,0,0,0,0,0,0,0
"MSTRG.1063",0,3,0,1,1,0,1,0,2,0
"MSTRG.1064",0,0,0,0,0,0,0,0,0,0
"MSTRG.1065",4,9,7,22,23,25,36,73,64,18
"MSTRG.1066",339,338,432,525,700,1070,1073,823,1025,528
"MSTRG.1067",0,0,1,1,1,1,0,0,3,2
"MSTRG.1068",2,0,6,5,6,3,3,4,3,0
"MSTRG.1069",1,2,0,1,0,1,2,3,0,0
"MSTRG.1070",0,0,0,0,2,1,0,1,1,0
"MSTRG.1071",0,0,0,0,0,0,0,0,0,0
"MSTRG.1072",0,3,1,1,0,0,0,0,2,1
"MSTRG.1073",1285,1743,2388,2577,4569,2015,2051,2209,2817,3113
"MSTRG.1074",3,5,3,2,2,5,3,2,0,0
"MSTRG.1075",0,3,1,1,0,1,2,0,0,0
"MSTRG.1076",0,0,0,0,0,0,0,0,0,0
"MSTRG.1077",41,40,41,33,45,22,17,29,36,37
"MSTRG.1078",56,58,69,39,16,27,26,2,13,27
"MSTRG.1079",2498,3353,5155,5228,1552,2257,1925,3191,3026,985
"MSTRG.1080",24,36,24,37,22,1,7,3,3,13
"MSTRG.1081",146,122,63,94,36,128,94,96,105,75
"MSTRG.1082",113,129,66,66,20,41,1,6,7,0
"MSTRG.1083",1,0,0,0,0,0,0,0,0,0
"MSTRG.1084",1,0,0,2,0,0,0,1,0,0
"MSTRG.1085",7,7,8,10,5,6,5,4,6,0
"MSTRG.1086",5,51,82,209,4,90,57,35,131,1
"MSTRG.1087",0,0,0,0,2,0,0,0,0,0
"MSTRG.1088",799,642,362,240,271,844,553,657,869,730
"MSTRG.1089",886,822,962,1010,1441,1017,903,681,1192,1193
"MSTRG.1090",5408,4445,3352,3097,1182,3738,3723,4810,2902,1243
"MSTRG.1091",0,0,0,0,1,0,0,0,0,0
"MSTRG.1092",727,448,355,294,142,470,426,345,182,25
"MSTRG.1093",138,82,52,41,40,54,87,48,43,10
"MSTRG.1094",22,20,21,20,20,24,14,7,11,13
"MSTRG.1095",904,859,1073,1338,1367,1030,877,631,1019,781
"MSTRG.1096",0,0,1,0,2,1,2,0,2,2
"MSTRG.1097",2,0,3,4,0,2,2,0,1,2
"MSTRG.1098",0,3,1,1,0,2,1,0,1,1
"MSTRG.1099",0,0,0,0,0,0,3,0,0,1
"MSTRG.1100",1,1,2,0,0,0,3,1,1,0
"MSTRG.1101",4,5,3,1,3,3,7,1,1,2
"MSTRG.1102",320,163,82,53,15,25,27,20,6,5
"MSTRG.1103",376,300,288,313,252,839,457,345,393,406
"MSTRG.1104",0,0,0,0,0,0,0,0,0,0
"MSTRG.1105",2,0,0,1,0,0,0,0,0,0
"MSTRG.1106",2,3,3,4,3,7,10,12,11,4
"MSTRG.1107",867,712,690,682,696,910,686,486,659,656
"MSTRG.1108",0,0,0,0,0,0,0,0,0,0
"MSTRG.1109",355,430,436,458,430,577,569,575,594,281
"MSTRG.1110",6417,5080,6003,5837,4670,7094,4499,3566,4498,3628
"MSTRG.1111",2,1,3,1,0,0,5,1,3,1
"MSTRG.1112",379,356,385,459,462,427,319,313,448,652
"MSTRG.1113",0,0,0,0,0,0,0,0,0,0
"MSTRG.1114",119,102,100,115,192,153,113,121,102,276
"MSTRG.1115",2,2,2,1,1,1,1,1,1,4
"MSTRG.1116",447,390,348,574,744,344,505,522,647,777
"MSTRG.1117",395,392,467,438,416,473,407,323,337,650
"MSTRG.1118",283,192,166,149,129,220,173,104,195,247
"MSTRG.1119",91,29,40,58,104,32,27,21,64,148
"MSTRG.1120",454,324,267,260,302,370,260,89,326,481
"MSTRG.1121",2,1,2,2,3,3,1,0,1,1
"MSTRG.1122",0,0,0,0,0,0,0,1,0,0
"MSTRG.1123",649,569,585,519,547,699,500,278,408,916
"MSTRG.1124",10,18,24,22,17,22,24,22,29,38
"MSTRG.1125",1,1,0,0,0,0,0,0,0,0
"MSTRG.1126",451,438,242,330,243,555,442,368,391,293
"MSTRG.1127",47,30,36,26,18,38,37,29,34,7
"MSTRG.1128",0,0,0,0,0,0,0,0,0,0
"MSTRG.1129",366,428,411,505,322,451,682,808,679,253
"MSTRG.1130",2,0,3,5,0,4,4,9,2,2
"MSTRG.1131",4,7,14,5,10,3,5,3,6,6
"MSTRG.1132",0,0,0,0,0,0,0,0,0,0
"MSTRG.1133",18,0,9,0,18,0,0,10,0,40
"MSTRG.1134",4,1,0,0,3,0,0,1,0,7
"MSTRG.1135",5,7,0,2,0,7,6,2,1,2
"ENSMUSG00000118203",0,0,0,0,0,0,0,0,0,0
"ENSMUSG00000118213",0,1,0,0,0,0,0,0,0,0
"ENSMUSG00000118129",0,0,0,0,0,0,0,0,0,0
"ENSMUSG00000037263",1,0,0,1,2,0,1,0,3,4
"ENSMUSG00000037477",0,0,1,1,0,4,0,0,2,2
"ENSMUSG00000058216",0,0,0,0,0,0,0,0,0,0
"ENSMUSG00000104921",0,0,0,0,0,0,0,0,0,0
"ENSMUSG00000064400",0,0,0,0,0,0,0,0,0,0
"ENSMUSG00000042041",0,1,0,0,0,0,0,1,1,0
"ENSMUSG00000118009",0,0,0,0,0,0,0,0,0,0
"ENSMUSG00000117807",2,3,3,4,2,5,2,3,8,6
"ENSMUSG00000038498",0,0,0,0,1,0,0,0,0,0
"ENSMUSG00000118610",0,0,0,0,1,2,0,3,0,5
"ENSMUSG00000039330",0,3,1,1,3,2,2,2,0,2
"ENSMUSG00000117845",0,0,0,0,0,0,0,0,0,0
"ENSMUSG00000024936",4,2,4,1,0,3,9,0,3,3
"ENSMUSG00002074969",0,0,0,0,0,0,0,0,0,0
"ENSMUSG00000037451",0,0,0,0,0,0,0,0,0,0
"ENSMUSG00000024786",0,0,0,3,0,1,0,0,2,0
"ENSMUSG00000085196",3,5,5,10,3,4,3,5,7,5
"ENSMUSG00000117681",0,0,0,0,0,0,0,0,0,0
"ENSMUSG00000118062",0,0,1,0,0,1,1,0,0,0
"ENSMUSG00000084825",0,0,0,0,0,0,0,0,0,0
"ENSMUSG00000085285",0,0,0,0,0,0,0,0,1,0
"ENSMUSG00000119835",0,0,0,0,0,0,0,0,0,0
"ENSMUSG00002075307",0,0,0,0,0,0,0,0,0,0
"ENSMUSG00000024973",1,1,1,0,0,0,0,0,0,0
"ENSMUSG00000024757",1,2,1,1,0,0,2,0,2,0
"ENSMUSG00000083160",0,0,0,0,0,0,0,0,0,0
"ENSMUSG00000081596",0,0,0,0,0,0,0,0,0,0
"ENSMUSG00000053303",0,0,0,0,0,0,0,0,0,0
"ENSMUSG00000118036",1,0,0,0,0,0,0,1,0,0
"ENSMUSG00000052562",1,1,0,2,2,0,0,1,2,0
"ENSMUSG00000118305",0,0,0,0,0,0,0,0,0,0
"ENSMUSG00000071656",13,14,16,22,20,23,20,32,32,18
"ENSMUSG00000024653",1,0,0,0,1,0,0,0,0,0
"ENSMUSG00000101398",0,0,0,0,0,0,0,0,0,0
"ENSMUSG00000096818",0,0,0,0,0,0,0,0,0,0
"ENSMUSG00000100141",6,2,5,4,0,9,3,0,3,1
"ENSMUSG00000117756",0,0,0,0,0,0,0,0,0,0
"ENSMUSG00000096872",1,0,0,0,0,0,0,0,0,0
"ENSMUSG00000117700",0,0,0,0,0,0,0,0,0,0
"ENSMUSG00000024738",0,0,0,0,1,0,0,0,0,0
"ENSMUSG00000114772",0,0,1,0,0,0,0,0,0,0
"ENSMUSG00000067577",2,0,1,0,0,3,2,3,6,0
"ENSMUSG00000024731",0,0,0,0,0,0,0,0,0,0
"ENSMUSG00000067571",0,0,0,7,0,0,0,0,0,0
"ENSMUSG00000094584",0,0,0,0,0,0,0,0,0,0
"ENSMUSG00000101264",0,0,0,0,0,0,0,0,0,0
"ENSMUSG00000024730",0,0,0,0,0,0,0,0,1,0
"ENSMUSG00000024728",0,0,0,0,0,0,0,0,0,0
"ENSMUSG00000057240",0,0,0,0,0,0,0,0,0,0
"ENSMUSG00000099398",3,1,5,4,3,6,4,0,0,0
"ENSMUSG00000100392",0,0,0,0,0,0,0,0,0,0
"ENSMUSG00000056290",0,0,0,1,0,0,1,0,1,0
"ENSMUSG00000058470",0,0,0,2,1,0,1,0,1,0
"ENSMUSG00000024678",0,0,0,0,0,0,1,0,0,1
"ENSMUSG00000067555",0,0,0,0,0,0,0,0,0,0
"ENSMUSG00000119417",0,0,0,0,0,0,0,0,0,0
"ENSMUSG00000024680",0,0,1,2,0,1,3,1,2,0
"ENSMUSG00000024681",0,0,0,2,1,1,0,0,0,0
"ENSMUSG00000055895",0,0,0,0,0,0,0,0,0,0
"ENSMUSG00000041857",0,0,0,0,0,0,0,0,0,0
"ENSMUSG00000088310",0,0,0,0,0,0,0,0,0,0
"ENSMUSG00000089625",0,0,0,0,0,0,0,0,0,0
"ENSMUSG00000055933",0,0,0,0,0,0,0,0,0,0
"ENSMUSG00000100918",0,0,0,0,0,0,0,0,0,0
"ENSMUSG00000024682",0,1,0,0,0,1,1,1,0,0
"ENSMUSG00000108966",0,0,0,0,0,0,0,0,0,0
"ENSMUSG00000109030",0,0,0,0,0,0,0,0,0,0
"ENSMUSG00000109047",0,0,0,0,0,0,0,0,0,0
"ENSMUSG00000108947",0,0,0,0,0,0,0,0,0,0
"ENSMUSG00000109223",0,0,0,0,0,0,0,0,0,0
"ENSMUSG00000067528",0,0,0,0,0,0,0,0,0,0
"ENSMUSG00000044994",0,0,0,0,0,0,0,0,0,0
"ENSMUSG00000067525",0,0,0,0,0,0,0,0,0,0
"ENSMUSG00000067524",0,0,0,0,0,0,0,0,0,0
"ENSMUSG00000067522",0,0,0,0,0,0,0,0,0,0
"ENSMUSG00000108889",0,0,1,0,0,0,0,0,0,0
"ENSMUSG00000109410",0,0,0,0,0,0,0,0,0,0
"ENSMUSG00000094133",0,0,0,0,0,0,0,0,0,0
"ENSMUSG00000109022",0,0,0,0,0,0,0,0,0,0
"ENSMUSG00000097646",0,0,0,0,0,0,0,0,0,0
"ENSMUSG00000060049",0,0,0,0,0,0,1,0,0,0
"ENSMUSG00000118093",2,6,1,4,4,3,3,2,3,1
"ENSMUSG00000095640",0,0,0,0,0,0,0,0,0,0
"ENSMUSG00000109433",0,0,0,0,0,0,0,0,0,0
"ENSMUSG00000067513",0,0,0,0,0,0,0,0,0,0
"ENSMUSG00000109229",0,0,0,0,0,0,0,0,0,0
"ENSMUSG00000109328",0,0,0,0,0,0,0,0,0,0
"ENSMUSG00000109007",0,0,0,0,0,0,0,0,0,0
"ENSMUSG00000046650",0,0,0,0,1,0,0,0,0,0
"ENSMUSG00000050815",0,0,0,0,0,0,0,0,0,0
"ENSMUSG00000040065",1,0,0,0,0,0,1,0,0,0
"ENSMUSG00000063683",0,0,1,0,0,0,0,0,1,1
"ENSMUSG00000065892",0,0,0,0,0,0,0,0,0,0
"ENSMUSG00000044441",0,0,0,0,0,0,0,0,0,0
"ENSMUSG00000045030",0,0,0,0,0,0,0,0,0,0
"ENSMUSG00000109309",0,0,0,0,0,0,0,0,0,0
"ENSMUSG00000024694",0,0,0,0,0,0,1,0,1,0
"ENSMUSG00000084981",0,0,0,0,0,0,0,0,0,0
"ENSMUSG00000091014",0,0,0,0,0,0,0,0,0,0
"ENSMUSG00000046272",0,0,0,0,0,0,0,0,0,0
"ENSMUSG00000045126",0,0,0,0,0,0,0,0,0,0
"ENSMUSG00000057817",0,0,0,0,0,0,0,0,0,0
"ENSMUSG00000060303",0,0,0,0,0,0,0,0,0,0
"ENSMUSG00000048456",0,0,0,0,0,0,0,0,0,0
"ENSMUSG00000049498",0,0,0,0,0,0,0,0,0,0
"ENSMUSG00000062892",0,0,0,0,0,0,0,0,0,0
"ENSMUSG00000046913",0,0,0,0,0,0,0,0,0,0
"ENSMUSG00000109148",0,0,0,0,0,0,0,0,0,0
"ENSMUSG00000094755",0,0,0,0,0,0,0,0,0,0
"ENSMUSG00000094986",0,0,0,0,0,0,0,0,0,0
"ENSMUSG00000109126",0,0,0,0,0,0,0,0,0,0
"ENSMUSG00000067482",0,0,0,0,0,0,0,0,0,0
"ENSMUSG00000061637",0,0,0,0,0,0,0,0,0,0
"ENSMUSG00000062844",0,0,0,0,0,0,0,0,0,0
"ENSMUSG00000057503",16,13,12,17,9,16,11,15,18,8
"ENSMUSG00000109415",0,0,0,0,0,0,0,0,0,0
"ENSMUSG00000045883",0,0,0,0,0,0,0,0,0,0
"ENSMUSG00000094721",0,0,0,0,0,0,0,0,0,0
"ENSMUSG00000096365",0,0,0,0,0,0,0,0,0,0
"ENSMUSG00000109100",0,0,0,0,0,0,0,0,0,0
"ENSMUSG00000119251",0,0,0,0,0,0,0,0,0,0
"ENSMUSG00000062199",0,0,0,0,0,0,0,0,0,0
"ENSMUSG00000096485",0,0,0,0,0,0,0,0,0,0
"ENSMUSG00000049015",0,0,0,0,0,0,0,0,0,0
"ENSMUSG00000109544",0,0,0,0,0,0,0,0,0,0
"ENSMUSG00000108881",0,0,0,0,0,0,0,0,0,0
"ENSMUSG00000063777",0,0,0,0,0,0,0,0,0,0
"ENSMUSG00000109230",0,0,0,0,0,0,0,0,0,0
"ENSMUSG00000096320",0,0,0,0,0,0,0,0,0,0
"ENSMUSG00000095189",0,0,0,0,0,0,0,0,0,0
"ENSMUSG00000109573",0,0,0,0,0,0,0,0,0,0
"ENSMUSG00000096273",0,0,0,0,0,0,0,0,0,0
"ENSMUSG00000096708",0,0,0,0,0,0,0,0,0,0
"ENSMUSG00000109189",0,0,0,0,0,0,0,0,0,0
"ENSMUSG00000071629",0,0,0,0,0,0,0,0,0,0
"ENSMUSG00000109184",0,0,0,0,0,0,0,0,0,0
"ENSMUSG00000108887",0,0,0,0,0,0,0,0,0,0
"ENSMUSG00000118174",0,0,0,0,0,0,1,0,0,0
"ENSMUSG00000095484",0,0,0,0,0,0,0,0,0,0
"ENSMUSG00000108945",0,0,0,0,0,0,0,0,0,0
"ENSMUSG00000109319",0,0,0,0,0,0,0,0,0,0
"ENSMUSG00000108974",0,0,0,0,0,0,0,0,0,0
"ENSMUSG00000096289",0,0,0,0,0,0,0,0,0,0
"ENSMUSG00000109496",0,0,0,0,0,0,0,0,0,0
"ENSMUSG00000109343",0,0,0,0,0,0,0,0,0,0
"ENSMUSG00002075623",0,0,0,0,0,0,0,0,0,0
"ENSMUSG00002076425",0,0,0,0,0,0,0,0,0,0
"ENSMUSG00000094846",0,0,0,0,0,0,0,0,0,0
"ENSMUSG00000109285",0,0,0,0,0,0,0,0,0,0
"ENSMUSG00000045678",0,0,0,0,0,0,0,0,0,0
"ENSMUSG00000077291",0,0,0,0,0,0,0,0,0,0
"ENSMUSG00000061387",0,0,0,0,0,0,0,0,0,0
"ENSMUSG00000051156",0,0,0,0,0,0,0,0,0,0
"ENSMUSG00000109527",0,0,0,0,0,0,0,0,0,0
"ENSMUSG00000109520",0,0,0,0,0,0,0,0,0,0
"ENSMUSG00000047207",0,0,0,0,0,0,0,0,0,0
"ENSMUSG00000048356",0,0,0,0,0,0,0,0,0,0
"ENSMUSG00000044040",0,0,0,0,0,0,0,0,0,0
"ENSMUSG00000109530",0,0,0,0,0,0,0,0,0,0
"ENSMUSG00000045395",0,0,0,0,0,0,0,0,0,0
"ENSMUSG00000054526",0,0,0,0,0,0,0,0,0,0
"ENSMUSG00000057270",0,0,0,0,0,0,0,0,0,0
"ENSMUSG00000056858",0,0,0,0,0,0,0,0,0,0
"ENSMUSG00000058078",0,0,0,0,0,0,0,0,0,0
"ENSMUSG00000059105",0,0,0,0,0,0,0,0,0,0
"ENSMUSG00000062314",0,0,0,0,0,0,0,0,0,0
"ENSMUSG00000098074",0,0,0,0,0,0,0,0,0,0
"ENSMUSG00000103488",0,0,0,0,0,0,0,0,0,0
"ENSMUSG00002076668",0,0,0,0,0,0,0,0,0,0
"ENSMUSG00000118757",0,0,0,0,0,0,0,0,0,0
"ENSMUSG00000117995",3,3,1,0,0,1,1,1,3,0
"ENSMUSG00000118033",1,3,1,1,0,4,3,1,2,1
"ENSMUSG00000117941",0,0,0,0,0,0,0,0,0,1
"ENSMUSG00000118367",0,0,0,0,0,0,0,0,0,0
"ENSMUSG00000117946",0,0,0,0,0,0,0,0,0,0
"ENSMUSG00000088370",0,0,0,0,0,0,0,0,0,0
"ENSMUSG00000118079",0,0,1,0,0,0,0,0,0,0
"ENSMUSG00000119544",0,0,0,0,0,0,0,0,0,0
"ENSMUSG00002076798",0,0,0,0,0,0,0,0,0,0
"ENSMUSG00000117687",0,0,0,0,0,0,0,0,0,0
"ENSMUSG00000117774",0,0,0,0,0,0,0,0,0,0
"ENSMUSG00000118192",0,0,0,0,0,0,0,0,0,0
"ENSMUSG00000117909",0,0,0,0,0,0,0,0,0,0
"ENSMUSG00000088907",0,0,0,0,0,0,0,0,0,0
"ENSMUSG00000118109",0,0,0,0,0,0,0,0,0,0
"ENSMUSG00000118150",0,0,1,0,0,0,0,0,0,0
"ENSMUSG00000064783",0,0,0,0,0,0,0,0,0,0
"ENSMUSG00000118067",1,0,0,0,0,2,0,0,0,0
"ENSMUSG00000118047",0,0,0,0,0,0,0,0,0,0
"ENSMUSG00000118086",8,2,6,3,7,9,10,8,8,11
"ENSMUSG00000118090",0,0,0,0,0,0,0,0,0,0
"ENSMUSG00000118044",0,0,0,0,0,0,0,0,0,0
"ENSMUSG00000118342",0,0,0,0,0,0,0,0,0,0
"ENSMUSG00000079382",1,0,3,2,3,1,1,0,1,4
"ENSMUSG00000118055",0,0,0,0,0,0,0,0,0,0
"ENSMUSG00000118237",0,0,0,0,0,0,0,0,0,0
"ENSMUSG00000118273",0,0,0,0,0,1,0,1,0,0
"ENSMUSG00000118226",4,2,2,6,2,4,3,0,2,5
"ENSMUSG00000044387",0,0,0,0,4,0,0,0,0,0
"ENSMUSG00000117837",0,0,0,0,3,0,0,0,0,0
"ENSMUSG00000118919",0,0,0,0,0,0,0,0,0,0
"ENSMUSG00000117685",0,0,0,0,0,0,0,0,0,0
"ENSMUSG00000096796",0,0,0,0,0,0,0,0,0,0
"ENSMUSG00000117979",1,3,1,2,1,1,0,2,1,2
"ENSMUSG00000064843",0,0,0,0,0,0,0,0,0,0
"ENSMUSG00000117720",0,0,0,0,0,0,0,0,0,0
"ENSMUSG00000024837",8,2,0,0,1,1,0,0,0,0
"ENSMUSG00000101089",0,0,0,0,0,0,0,0,0,0
"ENSMUSG00000118016",0,0,0,0,0,0,0,0,0,0
"ENSMUSG00000117950",0,0,0,1,1,0,0,0,0,0
"ENSMUSG00000118005",0,0,0,0,0,0,0,0,0,0
"ENSMUSG00000117707",0,0,0,0,0,0,0,0,0,0
"ENSMUSG00000118001",0,0,0,1,1,1,0,0,1,0
"ENSMUSG00000117803",0,0,0,0,0,0,0,0,0,0
"ENSMUSG00000114682",0,0,0,0,0,0,1,0,0,1
"ENSMUSG00000074913",0,0,0,0,0,0,0,0,0,0
"ENSMUSG00000118020",1,2,1,0,2,1,0,1,0,4
"ENSMUSG00000117692",0,0,0,0,0,0,0,0,1,0
"ENSMUSG00000047298",2,2,4,0,3,5,7,1,6,5
"ENSMUSG00000118072",0,0,0,0,0,0,0,0,0,0
"ENSMUSG00000088266",0,0,0,0,0,0,0,0,0,0
"ENSMUSG00000101084",0,0,0,0,0,0,1,0,0,0
"ENSMUSG00000118165",2,2,0,1,1,2,2,1,1,3
"ENSMUSG00000118038",1,0,0,0,1,1,2,0,2,3
"ENSMUSG00000118320",0,0,0,0,0,0,0,0,0,0
"ENSMUSG00000024806",0,1,0,0,0,0,0,0,0,0
"ENSMUSG00000117883",0,0,0,0,0,0,0,0,0,0
"ENSMUSG00000087937",0,0,0,0,0,0,0,0,0,0
"ENSMUSG00000024815",0,0,0,0,0,0,0,0,0,0
"ENSMUSG00000024863",0,1,0,0,0,0,1,0,0,0
"ENSMUSG00002075891",0,0,0,0,0,0,0,0,0,0
"ENSMUSG00002075253",0,0,0,0,0,0,0,0,0,0
"ENSMUSG00000118374",0,0,0,0,0,0,0,0,0,0
"ENSMUSG00000117953",0,0,0,0,0,0,0,0,0,0
"ENSMUSG00000118366",0,0,0,0,0,0,0,0,1,1
"ENSMUSG00000118355",0,0,0,0,0,0,0,0,0,0
"ENSMUSG00000118329",0,0,0,0,0,0,0,0,0,0
"ENSMUSG00000118168",1,4,0,2,1,1,1,1,1,2
"ENSMUSG00002074891",0,0,0,0,0,0,0,0,0,0
"ENSMUSG00000117664",0,0,0,0,1,0,1,0,0,0
"ENSMUSG00000118196",0,0,1,0,1,0,2,2,1,0
"ENSMUSG00000087112",1,1,3,3,3,7,3,2,3,2
"ENSMUSG00000118289",0,0,0,0,0,0,0,0,0,0
"ENSMUSG00000086875",0,0,0,0,0,0,1,0,0,0
"ENSMUSG00000079344",5,9,1,0,0,27,14,1,0,0
"ENSMUSG00000118121",0,0,0,0,0,0,0,0,0,0
"ENSMUSG00000079342",1,0,0,0,0,0,1,0,0,0
"ENSMUSG00000085934",1,0,0,0,0,2,1,0,0,0
"ENSMUSG00000117821",0,0,0,0,0,0,0,0,0,0
"ENSMUSG00000024768",0,0,0,0,1,0,0,0,0,0
"ENSMUSG00000024771",0,0,0,0,0,0,0,0,0,0
"ENSMUSG00000024770",0,0,0,0,1,0,0,0,1,0
"ENSMUSG00002075813",0,0,0,0,0,0,0,0,0,0
"ENSMUSG00000118066",0,0,0,0,0,0,0,0,0,0
"ENSMUSG00002076079",0,0,0,0,0,0,0,0,0,0
"ENSMUSG00000118048",0,0,0,0,0,0,0,0,0,0
"ENSMUSG00000079339",4,3,15,11,13,14,14,14,11,16
"ENSMUSG00000062488",1,2,5,10,9,5,7,1,11,97
"ENSMUSG00000067297",6,5,7,5,4,3,5,10,5,4
"ENSMUSG00000118260",0,0,0,0,0,0,0,0,0,0
"ENSMUSG00002074940",0,0,0,0,0,0,0,0,0,0
"ENSMUSG00000088212",0,0,0,0,0,0,0,0,0,0
"ENSMUSG00000117945",0,0,0,0,0,0,0,0,0,0
"ENSMUSG00000117865",0,0,0,1,1,0,0,0,0,0
"ENSMUSG00000117973",0,0,0,0,0,0,0,0,0,0
"ENSMUSG00000089087",0,0,0,0,0,0,0,0,0,0
"ENSMUSG00002075816",0,0,0,0,0,0,0,0,0,0
"ENSMUSG00002076303",0,0,0,0,0,0,0,0,0,0
"ENSMUSG00000118212",0,0,0,2,2,0,1,3,0,1
"ENSMUSG00000077205",0,0,0,0,0,0,0,0,0,0
"ENSMUSG00000024803",0,0,1,0,2,0,2,1,3,1
"ENSMUSG00000117938",0,0,0,0,0,0,0,0,0,0
"ENSMUSG00000089143",0,0,0,0,0,0,0,0,0,0
"ENSMUSG00002075640",0,0,0,0,0,0,0,0,0,0
"ENSMUSG00000117800",0,0,0,0,0,0,0,0,0,0
"ENSMUSG00000062432",0,0,1,0,1,0,0,0,0,0
"ENSMUSG00000024987",0,0,0,1,3,0,1,0,3,1
"ENSMUSG00000117989",0,0,0,0,0,0,0,0,0,0
"ENSMUSG00000118115",0,0,0,0,0,0,0,0,0,0
"ENSMUSG00000054200",0,1,2,1,1,1,1,3,0,1
"ENSMUSG00000118381",0,0,0,0,0,0,0,0,0,0
"ENSMUSG00000117920",0,2,1,2,2,0,0,0,0,1
"ENSMUSG00000118335",0,0,0,1,0,0,0,0,0,0
"ENSMUSG00002075727",0,0,0,0,0,0,0,0,0,0
"ENSMUSG00000025002",0,0,1,1,0,0,2,1,0,0
"ENSMUSG00002075482",0,0,0,0,0,0,0,0,0,0
"ENSMUSG00000067231",0,0,0,0,0,2,2,1,3,0
"ENSMUSG00000093610",0,0,0,0,0,0,0,0,0,0
"ENSMUSG00000003053",0,0,0,0,0,0,0,0,0,0
"ENSMUSG00000118146",0,0,0,0,0,0,0,0,0,0
"ENSMUSG00000032808",0,0,0,0,0,0,0,0,0,0
"ENSMUSG00000025003",0,0,0,0,0,0,0,0,0,0
"ENSMUSG00000062624",0,0,0,0,0,1,0,1,0,0
"ENSMUSG00000074882",0,1,0,0,0,0,0,1,0,0
"ENSMUSG00000025004",0,0,0,0,1,0,0,1,0,0
"ENSMUSG00000092008",0,0,0,0,0,1,0,1,0,0
"ENSMUSG00000117738",0,0,0,0,0,0,0,0,0,0
"ENSMUSG00000042248",0,0,0,0,0,0,0,0,0,0
"ENSMUSG00000054827",0,0,0,0,0,0,0,0,0,0
"ENSMUSG00000060613",0,0,0,0,0,0,0,1,0,1
"ENSMUSG00000097740",4,1,1,2,3,0,0,1,1,0
"ENSMUSG00000025014",0,0,0,0,1,2,0,1,2,2
"ENSMUSG00002075271",0,0,0,0,0,0,0,0,0,0
"ENSMUSG00000117675",0,0,1,0,0,0,0,0,0,0
"ENSMUSG00000117856",1311,978,825,846,389,1076,880,887,748,290
"ENSMUSG00000025185",2,6,8,7,6,5,7,4,9,5
"ENSMUSG00000077768",0,0,0,0,0,0,0,0,0,0
"ENSMUSG00000118221",0,0,0,0,0,0,0,0,0,0
"ENSMUSG00000118308",0,0,0,0,0,0,0,0,0,0
"ENSMUSG00000117991",0,0,0,0,0,0,0,0,0,0
"ENSMUSG00000092250",14,7,6,6,0,1,4,0,0,0
"ENSMUSG00002074883",0,0,0,0,0,0,0,0,0,0
"ENSMUSG00000118236",0,1,2,1,1,0,1,0,0,1
"ENSMUSG00000025197",0,2,0,0,2,2,0,0,0,0
"ENSMUSG00000118217",5,5,7,6,8,48,4,6,8,28
"ENSMUSG00000117958",0,0,0,0,0,0,0,0,0,0
"ENSMUSG00000118076",0,0,0,0,0,0,1,0,0,0
"ENSMUSG00000117796",0,0,0,0,0,0,0,0,0,0
"ENSMUSG00000117911",0,0,0,0,2,1,0,0,0,0
"ENSMUSG00000117823",0,0,0,0,0,1,1,0,1,1
"ENSMUSG00000114673",0,0,0,0,0,0,0,0,0,0
"ENSMUSG00000117703",0,0,0,0,0,0,0,0,0,0
"ENSMUSG00000079258",0,0,0,0,0,0,0,0,0,0
"ENSMUSG00000094219",0,0,1,1,0,1,0,0,0,0
"ENSMUSG00000117702",0,0,0,0,0,0,0,0,0,0
"ENSMUSG00000088525",0,0,0,0,0,0,0,0,0,0
"ENSMUSG00001118662",0,0,0,0,0,0,0,0,0,0
"ENSMUSG00000118149",0,0,0,0,0,0,0,0,0,0
"ENSMUSG00000117690",0,0,0,0,0,0,0,0,0,0
"ENSMUSG00000118014",0,0,0,0,0,0,0,0,0,0
"ENSMUSG00000117996",0,0,0,0,0,0,0,0,0,0
"ENSMUSG00000118111",0,0,0,0,0,1,0,0,0,0
"ENSMUSG00000117931",0,0,0,0,0,0,0,0,0,0
"ENSMUSG00000118059",0,0,0,0,0,0,0,0,0,0
"ENSMUSG00002076593",0,0,0,0,0,0,0,0,0,0
"ENSMUSG00000117697",0,0,0,0,0,0,0,0,0,0
"ENSMUSG00002076015",0,0,0,0,0,0,0,0,0,0
"ENSMUSG00000118338",0,0,1,0,0,0,0,0,0,0
"ENSMUSG00000065143",0,0,0,0,0,0,0,0,0,0
"ENSMUSG00000117806",0,0,0,0,0,0,0,0,0,0
"ENSMUSG00000118158",0,0,0,0,0,0,0,0,0,0
"ENSMUSG00000117867",0,0,0,0,0,0,0,0,0,1
"ENSMUSG00000118173",0,0,0,0,0,0,0,0,3,0
"ENSMUSG00000035804",0,0,0,0,0,0,0,0,0,0
"ENSMUSG00000118114",0,0,0,0,0,0,0,0,0,0
"ENSMUSG00000118233",0,0,0,0,0,0,0,0,0,0
"ENSMUSG00000118003",0,0,0,0,0,0,0,0,0,0
"ENSMUSG00000118314",5,1,9,3,5,1,0,1,4,4
"ENSMUSG00000118350",0,0,0,0,0,0,0,0,0,0
"ENSMUSG00000118378",0,0,0,0,0,0,1,0,1,1
"ENSMUSG00000117693",0,0,0,0,0,0,0,0,0,0
"ENSMUSG00000117921",1,0,0,0,0,0,1,0,1,0
"ENSMUSG00000118324",0,0,0,0,0,0,0,0,0,0
"ENSMUSG00000117755",0,0,0,0,0,0,0,0,0,0
"ENSMUSG00000024979",0,1,1,2,6,6,2,8,6,3
"ENSMUSG00000098289",0,0,0,0,0,0,0,0,0,0
"ENSMUSG00000117827",0,0,0,0,0,0,0,0,0,0
"ENSMUSG00000117695",0,0,0,0,1,1,0,0,0,0
"ENSMUSG00000077223",0,0,0,0,0,0,0,0,0,0
"ENSMUSG00000117890",0,0,0,0,0,0,0,0,0,0
"ENSMUSG00000117859",0,0,0,0,0,0,0,0,0,0
"ENSMUSG00000117696",1,1,0,1,2,0,0,0,1,5
"ENSMUSG00000025082",11,14,22,12,1,10,19,19,15,0
"ENSMUSG00000117927",0,2,0,0,0,0,0,5,1,1
"ENSMUSG00000118178",1,0,0,0,1,0,0,0,0,0
"ENSMUSG00000118248",0,0,0,0,0,0,0,0,0,0
"ENSMUSG00000118253",0,0,0,0,0,0,0,0,0,0
"ENSMUSG00000100001",0,0,0,0,1,0,1,0,1,0
"ENSMUSG00000118223",0,0,0,0,0,0,0,0,0,0
"ENSMUSG00000101088",0,0,0,0,0,0,0,0,0,0
"ENSMUSG00000025091",1,1,0,2,2,0,0,2,1,0
"ENSMUSG00000110210",3,2,0,0,0,1,0,0,0,1
"ENSMUSG00000100119",0,0,0,0,0,0,0,0,0,0
"ENSMUSG00000118118",0,0,0,0,0,0,0,0,0,0
"ENSMUSG00000118031",0,0,0,0,0,0,0,0,0,0
"ENSMUSG00000118190",0,0,0,0,0,0,0,0,0,0
"ENSMUSG00000090965",8,2,2,4,0,0,3,0,1,5
"ENSMUSG00000091378",1,1,1,2,1,2,0,3,5,0
"ENSMUSG00000099678",0,0,0,0,0,0,0,0,0,0
"ENSMUSG00000117790",1,0,1,0,1,0,0,0,0,0
"ENSMUSG00000095993",0,0,0,0,0,0,0,0,0,0
